Fecha,San_Carlos,San_Jose,Moche,Casa_Grande
01/01/2010,26.9,25.6,24.9,27.7
02/01/2010,28.9,29.3,29.0,28.72
03/01/2010,25.2,25.3,23.9,28.42
04/01/2010,28.7,28.4,28.4,28.67
05/01/2010,26.7,26.6,26.7,28.0
06/01/2010,28.2,29.9,28.6,30.0
07/01/2010,25.4,25.3,24.2,27.5
08/01/2010,26.7,27.3,25.4,28.5
09/01/2010,29.1,30.2,28.2,30.5
10/01/2010,28.6,29.7,28.1,28.5
11/01/2010,28.3,29.3,28.7,29.0
12/01/2010,28.7,29.6,28.6,29.5
13/01/2010,27.8,28.0,26.4,29.5
14/01/2010,26.6,26.1,26.1,27.0
15/01/2010,28.5,28.9,28.1,29.0
16/01/2010,24.8,24.8,23.8,26.5
17/01/2010,28.9,29.8,29.3,29.5
18/01/2010,28.1,28.7,27.4,27.5
19/01/2010,29.2,29.9,29.2,29.5
20/01/2010,28.7,29.3,28.9,30.0
21/01/2010,28.6,28.8,28.1,29.0
22/01/2010,28.1,28.9,28.7,29.0
23/01/2010,27.2,27.1,26.8,27.5
24/01/2010,28.5,29.8,28.6,29.5
25/01/2010,28.7,29.7,28.7,29.5
26/01/2010,29.0,28.2,27.9,28.5
27/01/2010,29.6,30.3,28.8,28.5
28/01/2010,29.7,30.7,28.3,29.0
29/01/2010,29.4,30.2,29.3,29.5
30/01/2010,30.6,30.8,28.9,29.5
31/01/2010,30.6,30.8,29.5,29.5
01/02/2010,29.0,29.3,28.7,29.0
02/02/2010,28.4,29.2,28.1,29.5
03/02/2010,29.6,30.6,29.1,30.5
04/02/2010,30.2,30.6,29.8,31.0
05/02/2010,28.8,28.8,26.9,29.0
06/02/2010,25.8,25.8,23.5,26.0
07/02/2010,25.8,26.4,27.3,25.0
08/02/2010,28.7,30.3,28.7,29.5
09/02/2010,28.5,29.2,29.2,29.5
10/02/2010,25.2,25.3,24.2,26.5
11/02/2010,28.9,29.7,28.9,29.5
12/02/2010,30.8,31.3,30.1,31.0
13/02/2010,30.8,31.2,30.2,31.5
14/02/2010,29.7,31.4,29.3,30.0
15/02/2010,29.4,29.5,29.2,29.5
16/02/2010,30.1,31.3,29.8,30.5
17/02/2010,31.1,32.4,30.8,31.0
18/02/2010,30.2,30.2,29.4,29.5
19/02/2010,30.3,30.3,29.1,30.0
20/02/2010,29.1,30.1,28.1,29.0
21/02/2010,29.1,31.0,29.7,29.5
22/02/2010,29.7,31.0,28.5,30.5
23/02/2010,30.8,31.4,30.3,30.5
24/02/2010,28.9,29.4,29.3,31.0
25/02/2010,29.0,30.6,29.3,30.0
26/02/2010,30.1,30.9,28.9,29.5
27/02/2010,30.6,31.2,29.2,29.5
28/02/2010,30.7,30.9,28.9,29.5
01/03/2010,29.0,29.7,29.3,28.67
02/03/2010,30.2,29.6,27.7,28.33
03/03/2010,28.8,28.2,28.7,28.0
04/03/2010,29.6,30.1,28.2,27.33
05/03/2010,28.3,28.7,27.2,27.33
06/03/2010,27.7,28.7,29.4,28.33
07/03/2010,29.7,28.9,28.0,28.67
08/03/2010,28.5,28.8,29.9,28.67
09/03/2010,29.1,29.9,28.0,28.67
10/03/2010,28.7,29.3,28.6,28.67
11/03/2010,28.4,29.2,28.6,29.0
12/03/2010,29.2,30.2,28.0,28.67
13/03/2010,29.7,29.8,26.8,29.33
14/03/2010,31.2,30.6,29.8,29.67
15/03/2010,29.1,28.1,29.2,28.33
16/03/2010,29.9,28.6,29.8,28.67
17/03/2010,28.8,29.4,30.8,28.67
18/03/2010,29.7,29.9,29.4,29.67
19/03/2010,30.2,31.4,29.1,29.0
20/03/2010,30.1,31.4,28.1,29.0
21/03/2010,31.5,31.3,29.7,30.33
22/03/2010,30.8,31.2,28.5,30.33
23/03/2010,31.6,31.1,30.3,31.33
24/03/2010,30.9,29.9,29.3,29.67
25/03/2010,31.2,31.1,29.3,30.0
26/03/2010,31.1,29.7,28.7,29.67
27/03/2010,31.4,30.4,29.6,29.0
28/03/2010,30.3,29.6,28.0,29.33
29/03/2010,29.9,29.6,26.8,30.33
30/03/2010,28.9,30.2,28.8,30.67
31/03/2010,31.3,30.2,28.1,29.0
01/04/2010,31.2,31.4,28.0,30.33
02/04/2010,31.1,30.8,28.4,30.33
03/04/2010,30.2,30.8,31.8,31.0
04/04/2010,27.0,27.6,29.5,30.0
05/04/2010,29.2,29.4,30.9,29.67
06/04/2010,29.9,29.2,28.7,29.33
07/04/2010,29.9,29.4,27.1,30.0
08/04/2010,29.4,29.2,28.0,29.67
09/04/2010,29.7,29.5,29.1,30.0
10/04/2010,29.1,28.9,28.0,20.67
11/04/2010,29.1,29.7,28.4,31.0
12/04/2010,30.4,31.1,29.9,25.33
13/04/2010,31.9,32.6,31.8,31.33
14/04/2010,30.1,30.7,29.5,30.0
15/04/2010,30.2,30.6,30.9,31.33
16/04/2010,30.1,29.8,28.7,30.67
17/04/2010,28.4,27.3,27.1,28.0
18/04/2010,28.2,28.1,27.3,27.67
19/04/2010,26.2,26.7,24.7,29.0
20/04/2010,26.5,26.3,26.8,26.26
21/04/2010,27.7,27.8,27.6,18.0
22/04/2010,24.9,25.9,25.2,25.0
23/04/2010,24.3,25.5,25.6,25.0
24/04/2010,25.3,26.6,25.8,25.0
25/04/2010,25.9,27.6,27.2,26.33
26/04/2010,25.4,25.8,25.9,25.0
27/04/2010,23.8,24.5,24.4,26.67
28/04/2010,25.7,27.4,26.9,27.33
29/04/2010,27.1,27.7,26.7,26.33
30/04/2010,27.7,27.8,27.1,25.67
01/05/2010,25.9,25.4,25.2,23.5
02/05/2010,25.8,27.2,24.9,24.67
03/05/2010,24.5,25.9,25.6,24.5
04/05/2010,25.4,26.6,25.6,25.33
05/05/2010,27.1,26.3,25.6,24.83
06/05/2010,23.5,22.9,22.9,23.67
07/05/2010,24.4,25.4,24.8,24.0
08/05/2010,24.9,25.5,23.4,24.33
09/05/2010,25.6,26.9,26.1,25.67
10/05/2010,24.9,26.0,25.2,25.5
11/05/2010,26.9,27.8,27.6,26.83
12/05/2010,28.5,29.1,28.3,27.33
13/05/2010,25.7,26.9,25.3,26.0
14/05/2010,26.4,26.4,26.6,25.0
15/05/2010,25.7,26.4,25.9,25.33
16/05/2010,25.8,24.7,22.5,24.0
17/05/2010,21.8,21.9,21.3,23.33
18/05/2010,23.4,24.2,24.1,23.0
19/05/2010,24.2,25.0,25.2,25.17
20/05/2010,25.2,24.9,24.7,25.67
21/05/2010,25.2,26.0,25.1,23.67
22/05/2010,23.8,23.3,23.4,22.83
23/05/2010,23.5,21.6,21.9,22.33
24/05/2010,21.1,21.1,21.2,22.33
25/05/2010,22.7,23.4,23.3,23.0
26/05/2010,23.3,24.1,24.4,24.34
27/05/2010,23.4,23.7,21.5,23.33
28/05/2010,25.1,26.6,25.4,24.0
29/05/2010,24.1,24.3,24.1,23.17
30/05/2010,24.1,23.3,22.9,22.83
31/05/2010,23.1,23.1,23.5,23.33
01/06/2010,22.3,21.7,22.3,22.5
02/06/2010,23.4,25.0,23.8,23.0
03/06/2010,23.6,24.1,23.6,22.8
04/06/2010,24.8,26.2,25.2,23.0
05/06/2010,21.1,22.2,21.7,21.8
06/06/2010,21.6,20.9,18.9,20.8
07/06/2010,23.2,23.3,23.4,22.67
08/06/2010,23.2,23.8,23.3,23.0
09/06/2010,23.5,24.1,24.0,22.8
10/06/2010,24.4,25.5,24.6,23.67
11/06/2010,23.8,24.8,23.8,23.5
12/06/2010,22.7,23.3,22.9,23.5
13/06/2010,21.8,22.4,22.2,24.0
14/06/2010,22.6,22.8,22.4,22.0
15/06/2010,24.4,24.1,23.6,23.0
16/06/2010,23.2,23.7,22.8,22.0
17/06/2010,21.7,22.5,22.7,22.0
18/06/2010,23.5,24.7,23.7,22.8
19/06/2010,21.9,23.2,21.7,21.0
20/06/2010,23.3,24.1,22.6,21.5
21/06/2010,23.0,24.5,23.4,22.8
22/06/2010,22.6,22.9,23.4,22.0
23/06/2010,21.7,22.1,22.1,21.0
24/06/2010,22.8,23.8,22.9,23.0
25/06/2010,21.1,21.3,21.0,21.67
26/06/2010,19.0,21.3,20.0,21.0
27/06/2010,21.2,21.9,21.9,21.5
28/06/2010,22.1,23.2,22.6,22.0
29/06/2010,21.9,22.7,21.7,22.0
30/06/2010,22.6,23.2,22.8,23.0
01/07/2010,22.6,23.7,23.9,20.0
02/07/2010,21.4,21.2,22.3,21.8
03/07/2010,20.7,20.6,20.9,21.6
04/07/2010,22.2,22.0,21.6,22.7
05/07/2010,22.1,24.1,21.9,21.7
06/07/2010,20.8,16.9,21.2,20.5
07/07/2010,18.8,19.1,17.3,19.5
08/07/2010,19.7,19.7,20.3,20.7
09/07/2010,22.0,23.3,22.7,21.5
10/07/2010,23.3,23.7,23.1,21.7
11/07/2010,21.3,21.2,21.5,21.3
12/07/2010,20.8,20.6,21.6,21.0
13/07/2010,22.3,22.0,22.0,21.6
14/07/2010,23.4,24.1,23.2,21.5
15/07/2010,18.4,16.9,17.2,21.0
16/07/2010,20.2,19.1,18.8,20.5
17/07/2010,19.7,18.7,19.6,20.5
18/07/2010,19.8,19.5,19.3,19.5
19/07/2010,19.6,19.8,20.6,19.7
20/07/2010,21.4,21.3,20.4,19.5
21/07/2010,18.5,17.3,17.3,19.5
22/07/2010,19.7,19.9,19.9,19.0
23/07/2010,21.9,21.3,21.2,20.5
24/07/2010,20.9,19.9,19.9,20.0
25/07/2010,19.3,19.1,18.7,19.0
26/07/2010,20.1,20.8,20.3,21.0
27/07/2010,21.1,22.0,21.2,19.8
28/07/2010,22.0,22.8,22.7,21.8
29/07/2010,20.7,21.8,21.6,22.0
30/07/2010,20.4,20.2,19.7,20.7
31/07/2010,19.3,17.5,18.1,19.5
01/08/2010,19.7,19.3,19.2,18.7
02/08/2010,18.9,17.9,19.4,21.0
03/08/2010,18.7,19.7,19.7,19.7
04/08/2010,20.1,21.1,20.6,19.8
05/08/2010,20.6,21.7,20.8,21.2
06/08/2010,20.7,20.1,18.7,20.5
07/08/2010,18.3,18.4,18.9,19.5
08/08/2010,20.9,22.1,21.3,21.2
09/08/2010,21.1,22.4,21.8,22.0
10/08/2010,23.3,24.9,24.2,20.2
11/08/2010,21.3,19.4,20.3,21.5
12/08/2010,20.7,21.6,21.3,20.1
13/08/2010,21.1,22.8,22.2,20.8
14/08/2010,22.8,23.7,23.9,20.0
15/08/2010,19.4,17.7,18.3,20.8
16/08/2010,21.1,21.3,21.1,21.5
17/08/2010,21.5,21.6,21.2,21.5
18/08/2010,21.1,19.8,20.4,22.5
19/08/2010,20.6,20.9,20.4,18.0
20/08/2010,21.3,22.7,21.3,21.5
21/08/2010,22.6,22.9,21.9,21.0
22/08/2010,21.1,22.1,21.4,21.5
23/08/2010,20.3,21.3,20.6,20.0
24/08/2010,19.8,18.9,18.7,22.0
25/08/2010,21.4,22.6,21.4,21.0
26/08/2010,21.3,21.6,21.8,21.0
27/08/2010,21.1,22.2,21.7,21.6
28/08/2010,21.5,22.9,21.9,21.6
29/08/2010,22.3,22.8,21.9,21.0
30/08/2010,21.6,21.2,20.0,20.0
31/08/2010,23.0,22.6,22.4,21.0
01/09/2010,21.6,21.3,20.7,21.0
02/09/2010,19.7,19.9,19.7,22.0
03/09/2010,20.3,20.3,21.1,20.5
04/09/2010,19.8,21.0,20.3,20.0
05/09/2010,20.7,22.3,21.4,21.0
06/09/2010,19.9,21.4,19.9,20.0
07/09/2010,19.7,19.1,20.3,21.5
08/09/2010,19.7,21.9,20.8,19.6
09/09/2010,20.7,21.4,21.2,22.5
10/09/2010,21.4,21.3,20.7,20.5
11/09/2010,20.2,19.8,19.4,21.8
12/09/2010,19.6,19.2,19.1,20.5
13/09/2010,19.1,20.1,20.1,19.0
14/09/2010,19.9,20.8,20.1,20.8
15/09/2010,21.6,23.3,21.8,22.0
16/09/2010,21.7,23.3,22.6,22.0
17/09/2010,20.8,22.6,22.5,22.6
18/09/2010,21.8,23.1,22.0,21.6
19/09/2010,21.5,20.4,20.1,21.0
20/09/2010,22.1,22.9,23.8,21.8
21/09/2010,20.9,21.8,22.1,22.5
22/09/2010,22.4,23.1,22.8,22.2
23/09/2010,20.9,22.8,22.9,25.5
24/09/2010,21.9,23.3,23.7,22.6
25/09/2010,21.4,21.3,20.6,0.0
26/09/2010,20.6,21.1,17.4,19.8
27/09/2010,19.2,18.8,16.8,20.0
28/09/2010,21.1,21.9,20.7,20.5
29/09/2010,22.2,21.6,21.3,21.0
30/09/2010,20.9,21.3,21.9,20.0
01/10/2010,22.1,22.9,21.8,21.5
02/10/2010,22.7,22.4,21.3,23.0
03/10/2010,20.7,21.1,20.9,20.67
04/10/2010,22.0,21.7,21.4,20.83
05/10/2010,21.6,21.3,21.2,20.67
06/10/2010,20.0,20.5,20.3,21.67
07/10/2010,19.7,18.8,18.2,20.17
08/10/2010,20.8,21.4,20.9,20.67
09/10/2010,22.1,23.2,22.1,21.5
10/10/2010,21.4,22.1,21.9,22.0
11/10/2010,22.8,23.3,22.6,22.17
12/10/2010,23.7,23.7,23.4,22.83
13/10/2010,23.6,23.3,22.7,22.17
14/10/2010,21.4,22.5,22.1,21.17
15/10/2010,22.2,22.5,21.6,21.83
16/10/2010,23.2,23.3,22.3,22.33
17/10/2010,22.4,22.7,22.1,22.33
18/10/2010,22.9,23.4,23.3,22.5
19/10/2010,22.0,22.5,22.6,22.0
20/10/2010,22.8,22.9,21.5,22.0
21/10/2010,22.7,23.1,22.4,21.0
22/10/2010,22.1,22.9,22.6,21.83
23/10/2010,22.2,22.4,22.0,22.17
24/10/2010,21.9,22.3,21.7,22.4
25/10/2010,22.0,22.9,22.3,23.5
26/10/2010,21.2,21.8,21.2,23.67
27/10/2010,21.1,21.0,20.4,19.8
28/10/2010,21.9,23.3,22.8,21.0
29/10/2010,22.3,23.6,22.7,23.17
30/10/2010,22.8,22.5,22.5,22.13
31/10/2010,22.7,23.3,22.5,23.4
01/11/2010,21.4,19.8,20.5,23.67
02/11/2010,22.9,23.4,20.6,23.67
03/11/2010,22.9,22.9,23.1,23.5
04/11/2010,21.4,21.4,21.3,22.08
05/11/2010,20.8,20.8,21.6,22.08
06/11/2010,21.6,21.6,22.2,23.0
07/11/2010,22.4,22.4,22.1,22.0
08/11/2010,20.9,20.9,21.2,22.67
09/11/2010,20.8,20.8,21.7,21.4
10/11/2010,23.0,23.0,22.9,22.33
11/11/2010,22.7,22.7,20.2,23.5
12/11/2010,24.0,24.0,24.5,24.5
13/11/2010,23.6,23.6,23.7,23.83
14/11/2010,23.9,23.9,23.2,25.17
15/11/2010,23.9,23.9,24.3,25.0
16/11/2010,24.4,24.4,24.8,24.67
17/11/2010,24.4,24.4,23.1,23.5
18/11/2010,25.2,25.2,23.4,22.83
19/11/2010,22.1,22.9,23.1,22.17
20/11/2010,22.8,23.7,24.0,24.5
21/11/2010,24.0,23.7,24.1,26.0
22/11/2010,23.5,24.3,24.4,23.5
23/11/2010,24.0,25.1,24.1,26.17
24/11/2010,22.8,24.1,23.1,25.0
25/11/2010,24.8,24.3,23.6,25.0
26/11/2010,24.0,24.4,24.1,23.33
27/11/2010,23.6,24.1,23.7,25.17
28/11/2010,23.6,24.3,24.0,23.0
29/11/2010,23.1,23.4,24.3,25.0
30/11/2010,22.9,23.2,23.7,25.0
01/12/2010,21.8,24.9,20.5,25.5
02/12/2010,24.3,25.1,20.6,25.67
03/12/2010,24.8,25.8,23.1,25.83
04/12/2010,24.4,24.7,21.3,26.5
05/12/2010,25.4,26.6,21.6,23.17
06/12/2010,25.1,25.4,22.2,25.67
07/12/2010,25.1,25.1,22.1,25.0
08/12/2010,24.9,26.1,21.2,26.5
09/12/2010,25.7,26.6,21.7,26.17
10/12/2010,24.6,26.1,22.9,27.17
11/12/2010,24.9,25.8,20.2,25.5
12/12/2010,23.6,24.5,24.5,25.5
13/12/2010,24.9,25.4,23.7,24.0
14/12/2010,24.8,26.0,23.2,26.67
15/12/2010,23.7,24.2,24.3,26.0
16/12/2010,27.2,26.4,24.8,27.33
17/12/2010,26.4,26.9,23.1,27.67
18/12/2010,24.9,25.6,23.4,23.5
19/12/2010,25.9,25.6,23.1,24.67
20/12/2010,24.9,25.8,24.0,25.83
21/12/2010,26.6,27.4,26.7,25.67
22/12/2010,27.0,27.3,26.3,28.0
23/12/2010,24.1,26.2,25.3,28.5
24/12/2010,26.7,26.8,26.1,26.67
25/12/2010,24.1,24.1,24.1,27.17
26/12/2010,25.7,25.7,23.8,27.0
27/12/2010,26.8,27.2,25.9,27.67
28/12/2010,27.6,28.0,26.4,27.0
29/12/2010,26.8,27.1,26.6,28.5
30/12/2010,25.9,26.9,26.0,26.33
31/12/2010,24.9,25.8,25.1,27.0
01/01/2011,25.6,26.7,26.5,28.0
02/01/2011,25.9,27.4,26.1,28.5
03/01/2011,26.3,27.6,26.6,27.67
04/01/2011,26.4,27.8,26.2,27.83
05/01/2011,24.6,25.2,25.3,27.83
06/01/2011,27.2,27.1,26.6,28.0
07/01/2011,27.0,26.6,25.5,28.5
08/01/2011,26.6,26.4,25.9,28.17
09/01/2011,26.1,26.4,26.0,28.17
10/01/2011,27.3,27.9,26.6,27.33
11/01/2011,26.5,26.7,25.9,27.33
12/01/2011,25.9,26.8,26.8,27.67
13/01/2011,26.8,27.2,26.3,27.67
14/01/2011,27.7,28.4,27.2,28.17
15/01/2011,29.0,29.1,27.6,29.0
16/01/2011,28.1,28.4,27.4,27.33
17/01/2011,25.8,28.1,26.3,29.0
18/01/2011,28.8,29.1,28.0,28.0
19/01/2011,27.8,27.7,25.1,27.17
20/01/2011,26.4,27.3,26.4,26.83
21/01/2011,26.7,26.9,26.9,28.17
22/01/2011,27.6,28.1,27.4,29.5
23/01/2011,27.4,26.4,25.3,27.0
24/01/2011,28.1,28.0,27.4,28.17
25/01/2011,26.2,26.8,26.7,27.33
26/01/2011,29.4,29.4,28.3,28.33
27/01/2011,27.2,27.8,26.8,29.5
28/01/2011,28.4,29.4,27.4,28.5
29/01/2011,29.8,30.7,28.6,27.67
30/01/2011,29.6,30.2,27.7,28.5
31/01/2011,27.1,27.8,26.8,27.67
01/02/2011,26.9,27.4,27.2,27.67
02/02/2011,28.4,28.4,27.8,29.5
03/02/2011,29.8,29.4,28.2,30.67
04/02/2011,27.1,27.9,27.3,30.0
05/02/2011,29.3,29.5,29.6,29.0
06/02/2011,28.7,30.3,30.6,31.33
07/02/2011,27.7,28.8,28.9,28.33
08/02/2011,29.7,29.6,29.1,31.5
09/02/2011,29.1,29.9,29.6,29.5
10/02/2011,28.1,29.6,29.1,32.17
11/02/2011,27.4,30.9,27.7,32.0
12/02/2011,27.4,26.9,26.5,27.0
13/02/2011,30.4,30.2,28.9,27.5
14/02/2011,26.8,28.7,27.9,28.17
15/02/2011,26.8,28.8,27.7,28.5
16/02/2011,28.8,29.6,28.5,28.5
17/02/2011,30.4,30.2,28.8,29.33
18/02/2011,28.1,28.8,28.0,28.33
19/02/2011,28.9,29.4,28.3,28.33
20/02/2011,28.1,28.9,28.1,29.5
21/02/2011,30.7,30.1,28.7,29.67
22/02/2011,30.7,29.8,28.6,28.5
23/02/2011,28.6,29.4,28.6,29.5
24/02/2011,28.6,30.1,29.2,28.57
25/02/2011,30.2,31.1,30.9,31.0
26/02/2011,32.1,31.9,30.6,31.5
27/02/2011,29.8,31.4,30.9,31.5
28/02/2011,25.6,26.6,25.9,28.33
01/03/2011,27.1,28.2,27.4,29.5
02/03/2011,28.4,30.1,29.1,30.17
03/03/2011,29.9,30.1,29.7,30.17
04/03/2011,31.2,31.2,29.8,29.33
05/03/2011,29.8,29.9,28.7,32.17
06/03/2011,27.8,28.3,28.7,32.0
07/03/2011,29.4,28.9,28.7,28.5
08/03/2011,27.3,28.7,29.6,30.5
09/03/2011,27.3,28.1,28.3,30.33
10/03/2011,30.8,31.2,30.4,31.17
11/03/2011,28.4,28.9,28.4,31.5
12/03/2011,27.3,28.8,28.3,31.5
13/03/2011,26.6,25.5,25.0,31.5
14/03/2011,27.6,28.4,28.2,28.67
15/03/2011,26.8,27.8,27.1,30.17
16/03/2011,25.5,26.3,26.3,30.17
17/03/2011,26.3,26.8,27.3,30.17
18/03/2011,28.6,28.8,28.7,30.17
19/03/2011,26.8,28.1,27.6,30.17
20/03/2011,25.9,26.1,25.2,29.5
21/03/2011,28.1,28.3,28.8,29.5
22/03/2011,28.2,28.1,27.4,29.5
23/03/2011,26.6,27.6,27.9,30.5
24/03/2011,28.2,27.6,28.1,28.83
25/03/2011,27.3,27.8,27.3,26.5
26/03/2011,27.2,26.3,27.0,27.17
27/03/2011,27.1,26.8,26.4,27.0
28/03/2011,24.4,28.8,24.7,24.5
29/03/2011,26.3,28.1,28.0,27.83
30/03/2011,26.3,26.1,27.9,28.0
31/03/2011,23.6,28.3,26.8,27.0
01/04/2011,25.9,25.3,28.3,27.17
02/04/2011,27.1,27.7,28.1,29.5
03/04/2011,27.9,26.3,27.4,27.67
04/04/2011,28.0,27.7,28.0,27.5
05/04/2011,29.6,26.8,29.5,30.5
06/04/2011,26.6,25.4,24.4,30.5
07/04/2011,27.9,27.2,28.0,26.5
08/04/2011,25.9,26.8,26.6,28.5
09/04/2011,25.3,26.9,27.4,27.17
10/04/2011,26.7,27.3,26.7,28.0
11/04/2011,25.4,25.3,24.6,26.33
12/04/2011,26.3,27.7,26.3,26.83
13/04/2011,25.2,26.3,26.5,27.0
14/04/2011,25.7,27.7,26.4,27.5
15/04/2011,24.7,26.8,25.8,27.5
16/04/2011,25.1,25.4,24.1,26.33
17/04/2011,26.1,27.2,26.3,28.17
18/04/2011,26.4,27.6,26.9,27.5
19/04/2011,26.4,27.7,26.7,24.17
20/04/2011,23.7,24.8,24.8,28.5
21/04/2011,26.1,27.3,27.9,30.0
22/04/2011,28.1,29.9,29.2,28.0
23/04/2011,27.2,28.7,26.9,29.17
24/04/2011,24.5,25.4,25.6,24.83
25/04/2011,24.9,24.4,24.3,26.5
26/04/2011,26.8,27.4,26.8,28.5
27/04/2011,26.3,26.2,26.4,28.5
28/04/2011,26.3,27.3,27.0,28.5
29/04/2011,25.7,26.0,25.6,25.33
30/04/2011,26.9,27.4,26.6,26.83
01/05/2011,26.7,26.2,25.8,27.0
02/05/2011,25.9,25.4,25.2,26.0
03/05/2011,24.9,24.9,25.1,26.0
04/05/2011,24.9,26.4,25.9,26.3
05/05/2011,25.7,26.6,25.9,26.0
06/05/2011,25.7,26.9,25.9,26.5
07/05/2011,26.6,27.3,25.9,25.8
08/05/2011,25.7,25.5,25.6,26.5
09/05/2011,27.3,28.7,27.4,25.8
10/05/2011,26.2,27.6,26.2,28.0
11/05/2011,23.6,24.4,25.5,25.6
12/05/2011,25.9,26.6,26.2,26.6
13/05/2011,25.8,26.9,25.9,27.5
14/05/2011,25.6,26.4,25.7,26.0
15/05/2011,25.2,25.4,24.8,26.2
16/05/2011,25.0,26.1,25.4,25.0
17/05/2011,24.2,25.2,24.8,26.0
18/05/2011,24.5,25.5,25.0,24.3
19/05/2011,24.7,25.6,24.8,25.5
20/05/2011,22.9,23.2,23.0,23.0
21/05/2011,23.4,23.3,23.7,23.5
22/05/2011,24.4,24.9,24.8,24.7
23/05/2011,23.4,24.9,24.8,25.0
24/05/2011,24.3,25.4,25.0,26.8
25/05/2011,24.5,25.7,25.1,26.2
26/05/2011,24.4,25.6,24.4,25.7
27/05/2011,24.3,25.8,25.6,25.0
28/05/2011,24.4,25.9,24.7,26.0
29/05/2011,23.7,24.9,24.9,25.2
30/05/2011,24.6,25.8,25.2,25.0
31/05/2011,24.4,26.0,25.3,23.0
01/06/2011,25.1,26.6,25.8,26.17
02/06/2011,25.2,26.6,25.2,26.5
03/06/2011,26.4,26.2,25.1,26.5
04/06/2011,25.9,25.9,25.9,26.5
05/06/2011,23.6,22.4,25.9,26.5
06/06/2011,21.1,21.1,25.9,26.5
07/06/2011,22.7,23.7,25.9,26.5
08/06/2011,25.9,25.1,25.6,23.8
09/06/2011,22.3,23.1,27.4,25.0
10/06/2011,24.1,25.7,26.2,23.6
11/06/2011,24.3,25.9,25.5,23.0
12/06/2011,23.9,24.9,26.2,26.5
13/06/2011,23.1,24.3,25.9,26.5
14/06/2011,23.3,24.2,25.7,22.8
15/06/2011,24.2,25.7,24.8,24.0
16/06/2011,25.0,25.9,25.4,23.8
17/06/2011,26.6,27.3,24.8,25.3
18/06/2011,25.6,27.3,25.0,27.0
19/06/2011,23.3,22.8,24.8,23.3
20/06/2011,23.6,24.8,24.6,23.5
21/06/2011,22.5,22.6,23.6,23.6
22/06/2011,22.0,21.6,21.4,21.5
23/06/2011,23.7,24.1,23.6,23.0
24/06/2011,23.6,24.2,24.2,23.3
25/06/2011,22.2,22.9,22.4,22.6
26/06/2011,24.2,25.6,24.2,22.2
27/06/2011,25.6,26.9,25.0,25.3
28/06/2011,25.8,24.5,24.6,24.3
29/06/2011,24.3,25.6,24.5,26.0
30/06/2011,24.1,24.8,24.4,24.3
01/07/2011,23.3,23.4,22.8,23.0
02/07/2011,24.1,24.9,24.0,23.5
03/07/2011,22.9,24.1,22.7,24.0
04/07/2011,22.6,22.8,23.3,24.0
05/07/2011,23.3,22.0,22.2,22.33
06/07/2011,22.1,19.8,22.6,23.0
07/07/2011,21.8,23.3,23.2,23.5
08/07/2011,21.3,22.1,22.7,23.67
09/07/2011,22.5,19.3,22.8,24.0
10/07/2011,21.6,20.3,23.3,24.0
11/07/2011,19.7,24.7,21.1,24.0
12/07/2011,19.5,24.6,19.8,21.33
13/07/2011,23.3,26.1,23.9,22.83
14/07/2011,23.7,24.2,23.9,24.17
15/07/2011,25.8,19.8,25.1,24.5
16/07/2011,23.3,19.3,23.4,25.5
17/07/2011,21.3,19.2,19.4,21.33
18/07/2011,20.1,18.3,18.7,18.67
19/07/2011,18.7,19.4,19.4,19.33
20/07/2011,18.6,23.7,17.8,19.17
21/07/2011,18.9,23.3,20.6,19.5
22/07/2011,21.7,19.4,23.5,21.5
23/07/2011,21.9,17.9,23.2,22.0
24/07/2011,19.8,19.7,20.2,22.5
25/07/2011,19.1,23.6,19.7,24.67
26/07/2011,19.4,24.3,20.2,20.0
27/07/2011,22.2,23.3,23.6,20.17
28/07/2011,23.7,22.9,23.3,23.0
29/07/2011,21.7,20.7,23.0,26.33
30/07/2011,22.5,18.2,22.9,22.0
31/07/2011,21.6,17.9,20.5,21.0
01/08/2011,18.9,20.6,21.4,21.5
02/08/2011,20.2,23.4,22.3,21.2
03/08/2011,19.9,20.7,22.0,23.4
04/08/2011,21.4,22.7,22.9,25.0
05/08/2011,20.2,23.6,21.4,24.4
06/08/2011,21.6,22.9,22.3,24.5
07/08/2011,21.6,20.8,23.2,24.5
08/08/2011,21.4,20.4,22.8,24.5
09/08/2011,21.1,20.3,20.5,24.2
10/08/2011,20.3,23.1,21.3,24.0
11/08/2011,19.6,21.2,21.2,22.5
12/08/2011,22.2,22.2,23.0,23.0
13/08/2011,20.9,23.2,22.1,24.7
14/08/2011,21.1,20.3,22.4,22.2
15/08/2011,21.7,19.1,23.3,23.8
16/08/2011,21.3,21.9,19.3,22.8
17/08/2011,20.6,18.8,19.4,22.1
18/08/2011,21.0,22.4,21.7,24.6
19/08/2011,21.0,22.2,18.3,22.5
20/08/2011,21.2,23.1,22.1,24.3
21/08/2011,22.3,22.4,21.8,24.3
22/08/2011,21.6,22.1,21.8,23.5
23/08/2011,21.6,21.1,21.8,23.8
24/08/2011,21.3,21.6,22.2,25.1
25/08/2011,20.5,19.4,20.8,23.5
26/08/2011,20.7,18.2,21.9,23.8
27/08/2011,19.9,21.4,19.2,23.5
28/08/2011,19.6,22.1,20.0,21.6
29/08/2011,20.8,24.2,21.7,24.5
30/08/2011,21.6,22.9,22.2,25.5
31/08/2011,22.9,23.6,23.7,25.3
01/09/2011,21.6,22.0,21.6,20.5
02/09/2011,22.1,21.2,22.8,20.0
03/09/2011,21.6,21.1,21.7,19.0
04/09/2011,21.1,21.3,21.8,19.5
05/09/2011,21.1,20.4,19.5,20.0
06/09/2011,21.3,19.8,19.6,19.5
07/09/2011,21.3,22.1,20.3,19.0
08/09/2011,20.6,20.4,20.1,20.0
09/09/2011,21.4,22.5,22.1,17.0
10/09/2011,21.1,21.9,22.6,17.5
11/09/2011,21.6,22.1,22.1,15.0
12/09/2011,20.8,19.4,19.6,20.5
13/09/2011,21.1,22.4,22.4,19.5
14/09/2011,22.1,23.7,23.6,16.5
15/09/2011,21.6,23.1,23.1,15.0
16/09/2011,21.6,22.8,22.3,17.0
17/09/2011,21.0,21.6,20.4,16.0
18/09/2011,22.4,23.3,23.2,18.5
19/09/2011,20.7,22.1,21.6,20.5
20/09/2011,21.9,21.9,22.3,18.0
21/09/2011,21.6,22.5,21.6,16.5
22/09/2011,21.1,21.6,21.2,15.0
23/09/2011,20.6,21.9,21.6,15.0
24/09/2011,21.0,22.5,20.9,16.0
25/09/2011,21.7,21.6,22.8,19.5
26/09/2011,21.6,22.9,23.3,19.5
27/09/2011,22.6,23.7,22.9,18.0
28/09/2011,22.0,23.2,23.5,16.0
29/09/2011,20.4,21.0,21.1,18.0
30/09/2011,21.6,24.2,22.7,24.09
01/10/2011,22.7,23.3,23.1,23.5
02/10/2011,22.7,24.2,24.4,24.33
03/10/2011,22.6,24.1,23.0,25.0
04/10/2011,22.0,23.1,22.3,24.5
05/10/2011,21.8,22.8,22.3,23.5
06/10/2011,22.0,23.7,22.7,23.5
07/10/2011,22.3,21.8,22.3,23.5
08/10/2011,21.3,21.9,22.2,23.17
09/10/2011,21.8,22.9,23.2,24.0
10/10/2011,21.9,22.7,22.7,24.0
11/10/2011,21.8,22.6,22.2,24.33
12/10/2011,21.6,22.1,23.2,24.33
13/10/2011,21.1,21.6,22.9,24.0
14/10/2011,22.7,22.6,24.2,24.0
15/10/2011,20.8,20.5,23.6,24.33
16/10/2011,21.6,22.9,20.4,24.0
17/10/2011,22.9,23.6,23.5,24.0
18/10/2011,21.2,22.6,22.5,24.0
19/10/2011,20.9,21.4,21.9,24.0
20/10/2011,22.4,24.8,24.3,24.67
21/10/2011,22.2,22.9,22.9,24.33
22/10/2011,22.9,24.1,24.2,25.0
23/10/2011,23.8,24.4,23.6,24.67
24/10/2011,21.3,21.0,20.4,23.5
25/10/2011,23.3,24.1,23.6,23.5
26/10/2011,23.3,23.7,22.9,24.17
27/10/2011,23.6,23.8,22.7,24.5
28/10/2011,23.7,24.1,23.8,24.5
29/10/2011,23.7,24.6,25.0,25.17
30/10/2011,23.7,23.7,23.7,25.33
31/10/2011,22.3,24.8,23.6,25.5
01/11/2011,21.7,24.9,24.3,25.17
02/11/2011,24.1,24.5,23.7,24.0
03/11/2011,23.7,24.1,23.7,24.67
04/11/2011,23.9,24.9,24.3,24.83
05/11/2011,23.6,24.5,24.2,24.33
06/11/2011,23.3,23.3,23.4,23.67
07/11/2011,23.7,24.6,23.6,24.67
08/11/2011,24.5,24.8,24.3,23.33
09/11/2011,24.1,25.0,24.6,24.5
10/11/2011,24.7,24.7,24.4,26.0
11/11/2011,24.2,25.6,24.9,24.83
12/11/2011,24.5,24.5,24.4,26.0
13/11/2011,26.4,25.5,25.2,23.0
14/11/2011,24.5,26.0,25.7,25.83
15/11/2011,24.9,25.5,25.1,25.5
16/11/2011,25.7,26.0,24.9,25.0
17/11/2011,23.8,24.7,24.2,26.0
18/11/2011,25.2,25.6,25.5,25.5
19/11/2011,24.8,25.1,23.7,24.33
20/11/2011,24.2,24.5,24.4,23.83
21/11/2011,24.3,24.6,24.8,25.0
22/11/2011,24.1,25.5,24.6,24.83
23/11/2011,23.8,24.5,24.8,25.17
24/11/2011,25.1,24.9,23.7,24.83
25/11/2011,23.7,24.3,24.1,23.33
26/11/2011,24.4,25.6,25.1,24.83
27/11/2011,25.9,26.4,25.2,24.5
28/11/2011,25.4,25.4,24.9,26.0
29/11/2011,25.9,26.1,25.7,24.83
30/11/2011,24.5,25.6,25.0,25.67
01/12/2011,24.1,24.9,23.3,23.0
02/12/2011,25.9,28.0,25.5,25.5
03/12/2011,24.8,24.9,25.4,27.0
04/12/2011,26.4,26.1,25.6,25.33
05/12/2011,25.5,25.1,25.7,27.5
06/12/2011,25.8,26.9,23.4,25.83
07/12/2011,26.7,27.1,23.6,25.83
08/12/2011,26.4,25.1,24.3,23.17
09/12/2011,25.5,25.9,24.6,27.5
10/12/2011,26.2,24.8,24.4,24.83
11/12/2011,26.7,27.4,24.9,27.5
12/12/2011,25.7,26.0,24.4,27.5
13/12/2011,27.1,27.3,25.2,27.17
14/12/2011,26.4,26.1,25.7,27.17
15/12/2011,24.1,25.0,25.1,28.0
16/12/2011,28.2,28.6,24.9,24.17
17/12/2011,28.4,28.2,24.2,28.83
18/12/2011,26.7,26.3,25.5,27.5
19/12/2011,28.0,27.2,23.7,26.17
20/12/2011,25.9,26.9,24.4,27.5
21/12/2011,26.8,27.9,24.8,27.5
22/12/2011,26.2,26.0,24.6,26.5
23/12/2011,26.9,26.9,26.3,26.67
24/12/2011,25.6,26.3,25.1,28.0
25/12/2011,21.9,22.4,21.6,24.0
26/12/2011,26.2,26.9,24.8,25.33
27/12/2011,27.9,27.3,26.8,26.33
28/12/2011,27.2,27.9,27.2,28.5
29/12/2011,26.2,27.2,27.3,29.0
30/12/2011,28.3,28.4,27.3,28.67
31/12/2011,29.1,29.3,28.9,28.17
01/01/2012,30.5,30.1,29.6,31.0
02/01/2012,28.7,28.9,27.8,31.0
03/01/2012,27.3,27.8,27.4,31.0
04/01/2012,27.3,28.4,28.2,28.67
05/01/2012,28.9,29.0,27.1,30.17
06/01/2012,28.7,29.3,29.6,28.67
07/01/2012,28.2,28.5,29.0,30.0
08/01/2012,29.0,30.4,27.7,28.5
09/01/2012,29.8,29.8,26.9,29.5
10/01/2012,27.4,28.3,27.6,29.5
11/01/2012,26.9,27.9,27.7,27.67
12/01/2012,27.6,27.8,27.3,28.67
13/01/2012,27.4,28.4,26.2,28.0
14/01/2012,28.5,28.8,26.9,30.0
15/01/2012,27.0,26.2,28.6,30.0
16/01/2012,28.4,29.0,28.7,29.83
17/01/2012,28.6,28.6,28.2,30.0
18/01/2012,28.4,29.4,28.2,27.5
19/01/2012,28.1,27.1,27.1,29.5
20/01/2012,29.8,30.5,29.6,29.33
21/01/2012,29.9,30.0,29.0,30.5
22/01/2012,27.4,28.2,27.7,28.33
23/01/2012,27.2,27.0,26.9,29.5
24/01/2012,29.1,29.6,27.6,26.83
25/01/2012,26.9,28.5,27.7,30.0
26/01/2012,28.0,28.7,27.3,27.83
27/01/2012,27.4,26.9,26.2,28.33
28/01/2012,28.3,26.9,26.9,27.33
29/01/2012,29.3,29.0,28.6,28.33
30/01/2012,29.2,29.1,28.7,28.83
31/01/2012,28.8,29.6,28.7,29.0
01/02/2012,28.9,28.4,29.6,30.5
02/02/2012,29.1,28.6,27.8,28.33
03/02/2012,29.4,29.9,27.4,31.0
04/02/2012,28.9,28.8,28.2,28.33
05/02/2012,29.4,30.0,27.1,31.0
06/02/2012,29.6,28.8,29.6,28.5
07/02/2012,28.9,28.8,29.0,26.5
08/02/2012,28.9,30.4,27.7,27.5
09/02/2012,28.7,30.1,26.9,28.0
10/02/2012,27.4,27.8,27.6,28.67
11/02/2012,27.9,27.2,27.7,28.33
12/02/2012,32.2,31.9,27.3,31.5
13/02/2012,28.4,29.4,26.2,30.0
14/02/2012,30.7,31.8,26.9,30.83
15/02/2012,30.2,30.9,28.6,31.0
16/02/2012,29.3,29.1,28.7,31.0
17/02/2012,30.4,30.8,28.2,30.83
18/02/2012,29.9,30.1,28.2,32.5
19/02/2012,28.3,29.6,27.1,32.5
20/02/2012,29.9,30.9,29.6,30.33
21/02/2012,28.4,29.2,29.0,30.67
22/02/2012,29.3,30.0,29.9,31.5
23/02/2012,29.3,29.4,28.8,30.5
24/02/2012,28.9,30.5,29.3,31.5
25/02/2012,28.9,29.8,28.9,29.83
26/02/2012,28.0,28.7,27.3,30.5
27/02/2012,28.8,29.4,28.1,29.0
28/02/2012,27.9,28.7,28.7,29.0
29/02/2012,28.8,29.9,29.0,30.5
01/03/2012,29.3,31.1,29.8,30.67
02/03/2012,27.9,29.4,28.8,30.0
03/03/2012,27.3,28.1,27.2,27.0
04/03/2012,27.9,28.5,27.6,29.5
05/03/2012,28.9,30.0,29.4,31.17
06/03/2012,30.7,31.4,30.8,31.0
07/03/2012,28.3,29.0,28.9,32.0
08/03/2012,28.9,30.8,29.4,30.67
09/03/2012,29.3,29.7,28.6,28.5
10/03/2012,29.6,31.1,29.4,28.33
11/03/2012,29.2,31.4,29.4,21.5
12/03/2012,28.9,30.1,29.8,29.5
13/03/2012,30.6,30.4,29.0,29.67
14/03/2012,30.1,31.3,30.2,30.17
15/03/2012,28.7,29.1,28.8,29.67
16/03/2012,29.1,27.6,27.6,29.5
17/03/2012,28.8,29.2,28.3,31.0
18/03/2012,29.5,30.2,28.2,31.0
19/03/2012,28.9,29.3,29.0,28.67
20/03/2012,28.3,29.3,28.7,29.5
21/03/2012,28.9,30.0,29.1,29.67
22/03/2012,28.9,29.4,29.8,30.33
23/03/2012,28.2,29.1,28.7,29.17
24/03/2012,29.4,30.1,28.5,29.0
25/03/2012,27.4,27.4,29.5,26.5
26/03/2012,27.6,30.1,28.6,30.5
27/03/2012,29.6,30.1,29.5,30.5
28/03/2012,28.8,29.9,28.7,30.83
29/03/2012,29.3,29.8,29.0,31.0
30/03/2012,27.8,28.9,28.6,29.83
31/03/2012,27.9,28.7,27.6,28.0
01/04/2012,27.8,27.7,27.0,30.0
02/04/2012,27.9,29.1,28.7,29.67
03/04/2012,28.3,30.6,29.7,29.33
04/04/2012,28.9,29.6,29.2,31.5
05/04/2012,28.7,29.7,27.4,31.5
06/04/2012,30.7,31.8,30.8,31.5
07/04/2012,29.9,29.8,29.4,29.17
08/04/2012,27.6,29.7,28.6,27.67
09/04/2012,28.6,30.9,28.9,31.0
10/04/2012,30.6,31.8,30.9,31.17
11/04/2012,30.6,31.3,30.2,30.5
12/04/2012,29.9,30.8,30.6,31.17
13/04/2012,31.2,31.1,29.8,30.33
14/04/2012,30.7,30.2,29.3,30.0
15/04/2012,29.3,29.8,29.1,31.0
16/04/2012,27.4,28.5,28.1,29.0
17/04/2012,28.9,29.3,28.9,27.5
18/04/2012,28.9,29.1,28.9,30.0
19/04/2012,27.9,28.6,29.3,30.33
20/04/2012,28.0,29.8,28.6,29.33
21/04/2012,28.2,28.8,28.3,29.69
22/04/2012,27.8,29.2,27.8,29.67
23/04/2012,28.8,28.4,28.2,29.5
24/04/2012,28.9,29.4,28.4,29.83
25/04/2012,29.6,29.3,28.8,29.17
26/04/2012,28.6,29.3,27.9,29.0
27/04/2012,29.3,29.7,28.3,27.83
28/04/2012,29.1,28.8,28.1,28.17
29/04/2012,27.8,28.4,27.9,30.0
30/04/2012,28.8,27.6,28.1,27.5
01/05/2012,27.7,28.6,27.3,29.17
02/05/2012,28.3,28.9,28.1,28.83
03/05/2012,29.1,29.1,28.9,29.17
04/05/2012,27.4,28.3,27.9,29.5
05/05/2012,27.3,27.9,27.5,29.5
06/05/2012,28.2,29.1,27.7,29.5
07/05/2012,28.2,29.0,28.0,28.67
08/05/2012,28.3,28.8,27.3,30.5
09/05/2012,27.8,28.7,28.1,30.5
10/05/2012,26.6,27.8,27.1,30.5
11/05/2012,27.3,28.2,27.4,27.17
12/05/2012,28.8,27.9,26.9,26.83
13/05/2012,28.7,29.1,28.6,28.83
14/05/2012,26.8,27.2,26.6,28.17
15/05/2012,27.4,26.9,26.5,28.0
16/05/2012,24.4,24.7,23.0,28.0
17/05/2012,23.8,24.1,24.7,28.0
18/05/2012,26.9,27.0,25.8,27.83
19/05/2012,26.6,26.6,26.3,27.0
20/05/2012,26.8,27.6,27.0,27.83
21/05/2012,26.7,27.4,27.9,26.67
22/05/2012,26.8,27.5,26.9,26.0
23/05/2012,28.7,29.3,27.7,28.67
24/05/2012,26.9,26.6,27.2,27.83
25/05/2012,25.9,27.0,27.2,26.83
26/05/2012,25.9,25.2,25.9,27.33
27/05/2012,22.9,23.2,24.9,27.5
28/05/2012,25.5,26.3,26.3,25.83
29/05/2012,25.4,26.1,25.8,25.5
30/05/2012,26.0,27.1,26.7,25.67
31/05/2012,27.1,28.4,27.3,26.5
01/06/2012,27.4,27.4,26.7,26.33
02/06/2012,27.7,27.7,26.6,26.83
03/06/2012,26.7,26.7,26.6,26.0
04/06/2012,27.1,27.1,26.9,27.67
05/06/2012,27.2,27.2,26.4,27.5
06/06/2012,28.7,28.7,26.9,28.0
07/06/2012,27.5,27.5,26.6,27.5
08/06/2012,27.2,27.2,26.2,27.5
09/06/2012,27.1,27.1,26.6,25.83
10/06/2012,27.4,27.4,26.8,27.5
11/06/2012,28.4,28.4,27.1,27.17
12/06/2012,27.0,27.0,26.4,28.0
13/06/2012,26.6,26.6,26.2,26.17
14/06/2012,26.6,26.6,25.7,27.5
15/06/2012,29.2,29.2,27.8,27.83
16/06/2012,24.8,24.8,24.2,26.0
17/06/2012,25.9,25.9,26.1,25.0
18/06/2012,29.1,29.1,28.4,27.33
19/06/2012,25.2,25.2,25.4,26.67
20/06/2012,29.1,29.1,25.6,25.83
21/06/2012,23.7,23.7,23.9,24.67
22/06/2012,26.1,26.1,25.6,24.83
23/06/2012,22.9,22.9,23.4,24.0
24/06/2012,27.9,27.9,26.4,26.5
25/06/2012,28.4,28.4,27.1,26.17
26/06/2012,26.7,26.7,25.8,25.83
27/06/2012,22.4,22.4,21.9,23.83
28/06/2012,23.6,23.6,24.1,25.83
29/06/2012,26.7,26.7,26.7,26.0
30/06/2012,26.4,26.4,25.9,26.33
01/07/2012,25.0,25.4,25.9,26.0
02/07/2012,24.6,24.2,24.3,25.17
03/07/2012,22.2,22.6,22.6,24.53
04/07/2012,26.1,26.4,26.6,25.0
05/07/2012,26.3,25.9,24.9,25.5
06/07/2012,24.3,24.6,24.8,26.5
07/07/2012,24.5,25.9,24.7,23.5
08/07/2012,24.3,25.2,24.6,26.17
09/07/2012,25.2,26.2,24.5,23.67
10/07/2012,24.9,26.1,25.2,23.67
11/07/2012,25.5,26.1,25.6,24.0
12/07/2012,23.3,22.7,21.4,21.0
13/07/2012,27.9,27.8,26.9,21.0
14/07/2012,24.3,23.3,22.8,25.05
15/07/2012,23.4,23.2,24.0,22.83
16/07/2012,24.3,24.4,25.3,23.17
17/07/2012,24.2,25.7,24.7,25.33
18/07/2012,25.1,26.9,24.8,24.0
19/07/2012,26.3,27.4,25.9,23.83
20/07/2012,23.4,24.7,24.6,26.33
21/07/2012,25.4,26.2,26.1,23.67
22/07/2012,24.8,25.7,25.2,24.5
23/07/2012,26.9,27.0,26.6,25.5
24/07/2012,30.1,25.2,25.2,23.17
25/07/2012,23.7,23.9,23.8,25.67
26/07/2012,24.3,25.2,24.6,25.67
27/07/2012,24.9,26.4,25.3,26.17
28/07/2012,25.5,26.4,25.7,26.8
29/07/2012,24.8,25.9,25.1,26.5
30/07/2012,26.4,27.5,25.8,26.67
31/07/2012,24.7,25.6,24.6,24.67
01/08/2012,21.3,21.3,20.3,27.0
02/08/2012,21.6,21.3,19.7,22.5
03/08/2012,23.3,24.6,24.0,25.5
04/08/2012,23.2,24.7,23.4,25.0
05/08/2012,22.6,22.8,23.8,27.5
06/08/2012,22.6,22.8,22.2,25.5
07/08/2012,23.3,24.3,21.9,25.5
08/08/2012,23.2,24.9,23.4,25.5
09/08/2012,22.9,23.3,23.4,24.5
10/08/2012,21.3,20.9,20.2,25.5
11/08/2012,22.2,23.3,19.8,25.5
12/08/2012,23.7,25.3,21.9,25.5
13/08/2012,22.9,24.3,22.4,25.5
14/08/2012,24.4,25.8,23.8,25.5
15/08/2012,23.8,24.7,24.0,24.5
16/08/2012,24.7,23.9,23.4,25.0
17/08/2012,24.0,24.7,23.8,25.0
18/08/2012,20.3,19.9,22.2,25.0
19/08/2012,21.2,22.6,21.9,25.0
20/08/2012,22.6,23.9,23.4,25.0
21/08/2012,22.7,23.9,23.4,25.5
22/08/2012,20.6,20.3,20.2,25.5
23/08/2012,20.2,20.3,19.8,22.0
24/08/2012,22.3,22.8,21.9,22.0
25/08/2012,23.3,24.2,22.4,24.0
26/08/2012,22.4,23.8,23.2,25.0
27/08/2012,22.2,22.2,23.3,24.5
28/08/2012,22.6,23.3,23.2,25.5
29/08/2012,23.4,25.2,24.2,25.5
30/08/2012,22.4,23.8,23.4,26.5
31/08/2012,22.3,22.9,22.2,26.0
01/09/2012,22.3,22.6,22.9,24.75
02/09/2012,23.1,24.3,23.6,26.25
03/09/2012,22.8,24.2,22.9,25.0
04/09/2012,21.6,21.3,22.8,23.5
05/09/2012,23.2,24.7,23.8,25.5
06/09/2012,23.1,23.6,22.9,26.0
07/09/2012,23.2,24.6,23.6,25.25
08/09/2012,22.7,24.2,24.6,25.25
09/09/2012,23.1,24.4,23.4,26.0
10/09/2012,23.1,24.3,23.3,26.0
11/09/2012,23.1,23.9,23.2,23.5
12/09/2012,23.1,23.9,24.8,23.25
13/09/2012,23.7,24.9,23.8,27.0
14/09/2012,22.9,23.5,23.2,26.0
15/09/2012,23.1,22.7,22.8,23.0
16/09/2012,23.6,23.9,24.3,25.0
17/09/2012,21.8,20.7,21.1,26.0
18/09/2012,23.9,23.4,23.4,24.75
19/09/2012,24.3,23.9,23.6,25.0
20/09/2012,24.4,25.6,25.4,0.0
21/09/2012,22.9,23.9,23.6,0.0
22/09/2012,24.1,23.5,23.4,25.75
23/09/2012,24.8,25.7,24.3,22.75
24/09/2012,24.6,25.6,25.4,25.75
25/09/2012,24.2,24.7,23.7,27.0
26/09/2012,24.7,25.7,24.4,25.0
27/09/2012,24.1,24.1,24.7,26.0
28/09/2012,24.0,24.1,24.6,26.0
29/09/2012,23.1,24.2,23.9,26.0
30/09/2012,23.6,24.3,24.2,26.0
01/10/2012,23.8,24.4,23.9,25.0
02/10/2012,23.8,23.6,23.4,25.0
03/10/2012,23.8,24.3,23.8,25.0
04/10/2012,23.8,23.1,23.4,24.25
05/10/2012,23.8,24.3,23.6,26.5
06/10/2012,23.8,24.3,23.5,25.0
07/10/2012,23.8,23.0,22.9,25.0
08/10/2012,23.8,23.1,23.2,25.0
09/10/2012,23.8,23.0,23.5,24.75
10/10/2012,23.8,24.3,24.2,25.5
11/10/2012,23.8,24.2,24.1,25.5
12/10/2012,23.8,25.1,24.4,25.0
13/10/2012,23.8,23.0,22.3,25.5
14/10/2012,23.8,20.8,20.7,25.0
15/10/2012,23.8,22.3,22.9,25.5
16/10/2012,23.8,25.4,24.4,25.5
17/10/2012,23.8,23.2,21.1,25.25
18/10/2012,23.8,24.7,24.3,23.75
19/10/2012,23.8,21.8,23.1,25.0
20/10/2012,23.8,23.5,23.2,25.0
21/10/2012,23.8,24.3,22.9,25.0
22/10/2012,23.8,22.6,22.1,26.0
23/10/2012,23.8,23.7,23.4,23.0
24/10/2012,23.8,24.3,23.5,26.0
25/10/2012,23.8,24.3,23.8,23.25
26/10/2012,23.8,24.6,24.3,26.25
27/10/2012,23.8,24.6,24.2,26.5
28/10/2012,23.8,21.8,21.3,25.75
29/10/2012,23.8,25.2,23.8,26.5
30/10/2012,23.8,26.4,24.9,26.25
31/10/2012,23.8,24.9,24.5,25.75
01/11/2012,23.3,24.3,23.3,26.0
02/11/2012,24.3,24.9,24.9,26.0
03/11/2012,23.7,24.8,24.3,26.0
04/11/2012,24.6,26.1,25.1,26.33
05/11/2012,25.6,26.4,25.0,25.67
06/11/2012,23.7,25.1,24.8,25.33
07/11/2012,24.7,26.6,25.2,24.83
08/11/2012,24.8,25.2,24.7,24.5
09/11/2012,24.4,25.1,25.2,25.0
10/11/2012,24.3,24.6,24.6,25.33
11/11/2012,24.9,25.2,24.6,25.5
12/11/2012,24.4,25.1,24.7,25.0
13/11/2012,24.4,25.2,25.7,25.17
14/11/2012,24.4,25.7,25.0,25.17
15/11/2012,24.3,26.2,24.4,25.67
16/11/2012,25.5,26.8,25.8,25.33
17/11/2012,24.7,25.7,24.9,25.67
18/11/2012,24.3,25.3,25.6,26.67
19/11/2012,24.2,25.7,24.9,27.0
20/11/2012,25.7,25.4,24.8,22.5
21/11/2012,23.3,23.5,24.2,26.5
22/11/2012,23.8,24.9,24.5,26.5
23/11/2012,25.6,25.3,24.8,25.5
24/11/2012,24.8,25.4,24.9,26.0
25/11/2012,25.7,26.2,25.6,26.0
26/11/2012,26.2,26.2,25.7,26.67
27/11/2012,25.6,25.8,25.6,25.5
28/11/2012,24.3,24.7,24.7,26.83
29/11/2012,26.3,26.4,25.3,26.83
30/11/2012,27.4,26.8,25.6,26.67
01/12/2012,24.3,25.1,24.4,26.67
02/12/2012,26.3,27.0,26.2,26.83
03/12/2012,25.6,25.6,24.9,27.83
04/12/2012,24.2,24.9,24.3,25.67
05/12/2012,24.6,25.2,23.9,25.33
06/12/2012,24.8,26.2,25.4,25.33
07/12/2012,24.8,24.7,24.1,27.33
08/12/2012,27.1,26.7,25.6,27.33
09/12/2012,26.7,26.8,25.9,27.33
10/12/2012,25.1,25.8,25.4,27.83
11/12/2012,25.8,27.0,26.5,28.0
12/12/2012,26.7,27.4,26.2,27.0
13/12/2012,25.5,27.1,25.6,27.67
14/12/2012,27.1,27.0,25.9,28.33
15/12/2012,26.1,25.4,26.2,27.33
16/12/2012,25.1,26.4,25.8,27.83
17/12/2012,26.4,26.4,26.1,27.83
18/12/2012,26.6,27.1,27.2,28.33
19/12/2012,27.1,26.4,26.2,28.0
20/12/2012,27.4,26.9,26.5,27.33
21/12/2012,23.7,24.4,23.8,27.33
22/12/2012,26.2,27.8,27.1,27.67
23/12/2012,27.0,27.0,26.4,28.83
24/12/2012,26.3,26.4,26.6,27.83
25/12/2012,26.0,26.9,25.0,27.67
26/12/2012,25.3,24.9,25.9,27.83
27/12/2012,27.8,27.9,27.0,27.83
28/12/2012,26.8,27.2,27.2,27.83
29/12/2012,25.6,27.8,27.6,27.83
30/12/2012,26.7,26.3,25.4,28.5
31/12/2012,27.6,26.3,26.7,29.33
01/01/2013,27.6,27.5,27.2,29.0
02/01/2013,27.3,26.9,26.2,28.67
03/01/2013,27.1,27.6,26.5,27.33
04/01/2013,27.4,27.4,26.3,28.5
05/01/2013,26.5,27.7,27.7,26.5
06/01/2013,26.5,27.4,26.4,26.5
07/01/2013,27.3,27.2,27.3,28.0
08/01/2013,27.8,28.5,27.8,28.5
09/01/2013,27.2,28.5,27.4,28.5
10/01/2013,27.8,27.7,27.2,28.5
11/01/2013,27.8,28.3,27.5,28.0
12/01/2013,27.1,27.3,27.8,28.5
13/01/2013,28.5,29.6,28.4,28.5
14/01/2013,28.3,28.3,28.3,29.33
15/01/2013,27.8,27.8,27.6,27.83
16/01/2013,28.4,28.4,27.8,28.83
17/01/2013,28.1,28.1,28.1,28.17
18/01/2013,29.4,29.4,28.4,29.5
19/01/2013,27.9,27.9,27.6,28.17
20/01/2013,27.3,27.3,27.9,28.59
21/01/2013,27.7,27.7,27.1,29.0
22/01/2013,26.4,26.4,27.3,27.67
23/01/2013,26.3,26.3,27.6,27.5
24/01/2013,26.1,26.1,26.2,29.67
25/01/2013,28.8,28.8,27.4,29.67
26/01/2013,29.8,29.8,29.0,30.0
27/01/2013,29.9,29.9,28.7,30.0
28/01/2013,30.6,30.6,29.8,30.67
29/01/2013,29.4,29.4,27.3,28.0
30/01/2013,27.7,27.7,27.6,29.33
31/01/2013,27.7,27.7,27.4,28.5
01/02/2013,29.0,29.7,27.6,28.33
02/02/2013,31.2,30.6,28.3,30.33
03/02/2013,26.6,31.9,28.2,31.5
04/02/2013,28.6,30.8,29.0,31.52
05/02/2013,26.2,29.6,29.8,27.0
06/02/2013,28.8,28.2,28.8,29.67
07/02/2013,30.1,28.0,27.2,31.0
08/02/2013,29.7,29.0,27.6,30.0
09/02/2013,30.6,31.2,29.4,31.67
10/02/2013,31.9,26.6,30.8,29.0
11/02/2013,30.8,28.6,28.9,32.0
12/02/2013,29.6,26.2,29.4,32.0
13/02/2013,28.2,28.8,28.6,32.0
14/02/2013,28.0,30.1,29.4,30.67
15/02/2013,30.2,29.0,29.4,32.0
16/02/2013,28.9,31.2,29.8,31.0
17/02/2013,29.9,26.6,29.0,30.0
18/02/2013,30.1,28.6,30.2,30.0
19/02/2013,29.7,26.2,28.8,30.0
20/02/2013,27.9,28.8,27.1,28.67
21/02/2013,28.5,30.1,29.6,29.17
22/02/2013,29.9,29.7,29.0,31.17
23/02/2013,28.7,30.6,29.9,28.67
24/02/2013,30.4,31.9,28.8,26.0
25/02/2013,29.7,30.8,29.3,31.0
26/02/2013,27.9,29.6,28.9,29.0
27/02/2013,28.9,28.2,27.3,29.83
28/02/2013,27.9,28.0,28.1,31.5
01/03/2013,29.1,27.5,25.8,28.83
02/03/2013,29.2,26.9,26.7,29.5
03/03/2013,30.8,27.6,26.2,31.17
04/03/2013,28.1,27.4,27.3,30.67
05/03/2013,30.4,27.7,29.5,31.17
06/03/2013,29.1,27.4,28.0,29.17
07/03/2013,30.9,27.2,31.0,31.0
08/03/2013,31.8,28.5,29.8,32.0
09/03/2013,28.7,28.5,28.6,28.5
10/03/2013,28.3,27.7,28.2,28.5
11/03/2013,29.5,28.3,27.4,28.83
12/03/2013,29.6,27.3,29.6,28.83
13/03/2013,30.2,29.6,30.4,29.0
14/03/2013,29.4,28.3,29.6,28.67
15/03/2013,26.0,28.9,24.7,27.5
16/03/2013,29.8,28.7,28.6,29.17
17/03/2013,26.0,29.2,24.1,31.0
18/03/2013,26.8,29.4,27.2,26.0
19/03/2013,26.8,27.8,27.9,28.5
20/03/2013,26.1,28.8,25.8,25.67
21/03/2013,27.0,27.8,27.8,27.5
22/03/2013,26.6,27.6,27.7,27.83
23/03/2013,28.2,27.3,26.9,29.0
24/03/2013,28.7,26.9,25.7,26.5
25/03/2013,27.6,30.4,26.0,29.0
26/03/2013,27.2,30.0,26.6,29.0
27/03/2013,26.9,30.7,25.7,28.0
28/03/2013,27.8,30.2,26.2,29.5
29/03/2013,26.2,29.4,25.5,29.5
30/03/2013,27.9,29.4,26.6,29.5
31/03/2013,28.0,30.7,26.4,29.5
01/04/2013,25.1,26.1,25.8,26.67
02/04/2013,26.5,26.7,26.7,26.5
03/04/2013,25.9,27.0,26.2,26.83
04/04/2013,26.2,26.6,26.5,26.67
05/04/2013,26.9,27.0,26.9,27.17
06/04/2013,26.8,26.7,26.6,26.83
07/04/2013,26.5,27.1,26.8,26.67
08/04/2013,25.9,26.2,26.7,27.0
09/04/2013,27.8,27.9,26.9,25.67
10/04/2013,25.6,25.7,25.3,24.5
11/04/2013,26.3,25.7,25.7,26.0
12/04/2013,26.8,25.9,25.7,25.5
13/04/2013,26.0,25.8,26.4,26.17
14/04/2013,26.1,27.0,27.5,27.17
15/04/2013,23.9,24.2,24.7,24.33
16/04/2013,24.4,23.7,24.9,24.33
17/04/2013,23.9,24.2,24.5,25.33
18/04/2013,23.8,23.9,24.6,26.0
19/04/2013,28.2,28.4,28.7,27.17
20/04/2013,24.2,24.2,24.8,26.33
21/04/2013,24.5,24.8,24.0,27.17
22/04/2013,23.5,24.2,23.3,22.17
23/04/2013,24.4,25.4,24.8,23.5
24/04/2013,23.9,25.2,24.2,24.17
25/04/2013,22.8,22.4,22.8,23.67
26/04/2013,24.3,25.6,25.9,23.33
27/04/2013,24.1,25.1,23.9,25.33
28/04/2013,24.6,25.8,25.7,28.0
29/04/2013,24.2,25.2,25.2,27.0
30/04/2013,23.3,24.9,24.1,26.5
01/05/2013,23.4,24.7,25.4,26.5
02/05/2013,25.3,27.6,27.3,26.5
03/05/2013,23.5,24.7,24.6,28.5
04/05/2013,22.4,21.6,22.6,21.5
05/05/2013,23.5,24.7,24.8,22.0
06/05/2013,25.7,25.7,26.1,26.33
07/05/2013,25.2,25.7,26.4,26.5
08/05/2013,24.1,25.3,27.3,24.67
09/05/2013,24.3,24.9,24.6,26.5
10/05/2013,26.9,27.4,22.6,27.5
11/05/2013,24.8,27.5,24.8,27.67
12/05/2013,27.2,27.6,26.1,28.0
13/05/2013,22.5,23.4,25.3,25.0
14/05/2013,23.9,24.8,24.9,24.67
15/05/2013,24.8,25.4,21.4,25.33
16/05/2013,23.7,24.9,24.6,26.0
17/05/2013,26.0,26.9,25.8,27.5
18/05/2013,24.9,25.6,25.6,24.67
19/05/2013,22.7,23.3,24.3,26.0
20/05/2013,24.4,25.7,25.7,25.33
21/05/2013,24.7,25.8,25.3,26.0
22/05/2013,24.0,24.9,24.9,26.0
23/05/2013,22.4,21.4,21.4,26.0
24/05/2013,22.2,22.1,22.2,22.33
25/05/2013,22.3,23.8,23.4,26.5
26/05/2013,21.1,21.1,21.6,24.5
27/05/2013,23.7,23.7,23.1,23.0
28/05/2013,23.2,23.4,22.9,23.5
29/05/2013,23.4,23.8,22.9,23.67
30/05/2013,22.5,23.9,23.6,24.0
31/05/2013,22.3,22.3,22.9,24.5
01/06/2013,23.0,21.8,21.9,24.5
02/06/2013,21.2,21.9,21.9,24.5
03/06/2013,20.2,20.7,20.3,21.5
04/06/2013,21.1,22.1,22.3,23.33
05/06/2013,22.6,23.9,22.8,23.83
06/06/2013,22.7,23.5,23.4,23.0
07/06/2013,22.4,24.3,23.9,25.0
08/06/2013,21.4,22.1,21.1,25.5
09/06/2013,21.1,21.1,21.3,23.0
10/06/2013,22.2,23.3,23.6,23.67
11/06/2013,22.8,23.2,23.0,24.0
12/06/2013,22.8,23.7,23.4,24.0
13/06/2013,22.5,23.3,22.7,24.0
14/06/2013,19.3,19.3,19.4,21.5
15/06/2013,19.9,19.9,20.5,19.24
16/06/2013,23.0,23.8,23.2,21.0
17/06/2013,23.4,23.4,23.1,24.0
18/06/2013,22.9,22.9,22.3,21.5
19/06/2013,20.0,19.2,18.6,23.0
20/06/2013,19.3,19.6,20.7,21.5
21/06/2013,21.1,22.4,21.7,22.0
22/06/2013,22.1,22.8,22.6,23.0
23/06/2013,21.1,22.1,22.2,24.0
24/06/2013,20.2,21.2,20.1,21.33
25/06/2013,20.3,21.4,20.9,21.17
26/06/2013,20.7,22.2,22.1,22.5
27/06/2013,19.8,20.3,21.3,21.67
28/06/2013,19.1,19.5,18.7,21.5
29/06/2013,21.8,22.1,23.3,23.17
30/06/2013,23.6,25.2,24.7,24.17
01/07/2013,22.4,23.4,24.4,22.5
02/07/2013,19.6,20.2,20.8,23.0
03/07/2013,18.0,17.9,20.3,19.0
04/07/2013,19.3,18.7,18.2,21.0
05/07/2013,18.0,21.4,18.5,21.0
06/07/2013,19.2,22.8,20.1,21.0
07/07/2013,20.7,22.7,21.7,21.0
08/07/2013,20.9,21.9,23.4,22.33
09/07/2013,17.0,20.0,16.3,22.5
10/07/2013,20.7,22.7,21.4,22.5
11/07/2013,20.6,21.4,21.4,23.33
12/07/2013,21.3,22.8,21.8,22.5
13/07/2013,21.8,22.7,22.8,22.83
14/07/2013,21.7,21.9,22.0,23.0
15/07/2013,20.1,20.0,19.8,23.5
16/07/2013,21.3,22.3,21.7,20.83
17/07/2013,20.7,21.8,22.1,22.5
18/07/2013,21.3,21.4,22.1,22.67
19/07/2013,22.1,22.7,22.6,19.67
20/07/2013,22.1,22.7,21.3,21.0
21/07/2013,20.6,19.9,21.0,21.0
22/07/2013,21.4,22.3,22.0,21.67
23/07/2013,18.8,19.8,20.6,20.17
24/07/2013,21.6,22.5,22.6,22.17
25/07/2013,21.7,22.3,22.2,22.33
26/07/2013,21.4,22.3,21.4,22.5
27/07/2013,19.9,19.9,19.7,22.5
28/07/2013,20.3,21.3,21.1,25.0
29/07/2013,19.6,19.5,20.8,25.5
30/07/2013,20.8,22.1,21.7,25.5
31/07/2013,20.7,21.6,21.4,24.83
01/08/2013,21.8,23.0,22.2,23.0
02/08/2013,21.2,22.1,22.5,23.0
03/08/2013,21.0,21.8,21.6,23.0
04/08/2013,18.6,18.2,18.4,23.0
05/08/2013,22.1,22.9,22.6,20.33
06/08/2013,22.5,23.5,22.8,23.33
07/08/2013,21.6,22.6,23.0,24.0
08/08/2013,20.6,20.8,20.1,21.33
09/08/2013,20.5,20.6,19.9,21.0
10/08/2013,19.9,20.6,20.9,20.33
11/08/2013,20.8,20.4,20.8,22.0
12/08/2013,20.6,20.1,20.4,22.0
13/08/2013,20.6,21.3,20.9,22.0
14/08/2013,21.4,22.3,21.8,22.0
15/08/2013,20.6,20.1,20.3,20.5
16/08/2013,20.3,20.9,20.5,20.83
17/08/2013,21.1,22.6,22.8,22.33
18/08/2013,22.3,23.5,23.2,22.67
19/08/2013,20.7,21.4,20.4,24.0
20/08/2013,18.2,17.2,17.1,17.83
21/08/2013,18.5,19.5,17.0,18.5
22/08/2013,21.6,22.4,22.2,20.83
23/08/2013,22.0,23.4,23.4,22.83
24/08/2013,22.1,22.6,22.6,24.5
25/08/2013,22.7,21.3,21.2,20.33
26/08/2013,18.2,18.2,18.4,21.5
27/08/2013,21.2,22.1,22.2,21.67
28/08/2013,22.3,22.6,22.9,23.17
29/08/2013,21.1,21.1,20.0,23.5
30/08/2013,22.3,22.2,21.5,23.5
31/08/2013,21.6,23.1,22.8,23.5
01/09/2013,21.3,22.3,22.2,24.0
02/09/2013,20.9,22.3,21.7,22.33
03/09/2013,21.9,22.3,22.2,22.5
04/09/2013,22.3,24.7,23.5,24.0
05/09/2013,22.2,22.3,21.9,22.33
06/09/2013,21.3,21.4,21.1,23.0
07/09/2013,21.1,21.8,21.7,20.67
08/09/2013,21.8,23.2,22.1,22.5
09/09/2013,24.2,24.7,25.0,24.0
10/09/2013,22.4,23.9,23.4,24.67
11/09/2013,21.3,21.9,22.1,22.67
12/09/2013,21.8,22.5,22.6,24.0
13/09/2013,22.8,23.7,23.7,24.0
14/09/2013,22.8,24.1,23.3,21.5
15/09/2013,21.9,23.6,22.6,22.0
16/09/2013,21.2,21.7,21.1,21.67
17/09/2013,21.5,22.9,23.3,23.33
18/09/2013,21.7,23.3,23.2,22.33
19/09/2013,22.1,22.7,24.1,23.0
20/09/2013,22.2,23.4,22.4,24.33
21/09/2013,19.8,18.3,17.4,23.5
22/09/2013,21.7,21.8,20.6,23.5
23/09/2013,20.5,20.8,21.8,21.83
24/09/2013,21.7,23.6,23.6,23.83
25/09/2013,20.8,22.9,21.9,24.0
26/09/2013,22.1,23.7,23.6,24.33
27/09/2013,22.9,23.5,23.5,25.0
28/09/2013,21.2,22.9,23.7,24.33
29/09/2013,22.4,23.5,23.9,24.0
30/09/2013,22.7,23.0,22.1,25.5
01/10/2013,21.2,22.9,22.7,24.0
02/10/2013,21.7,22.1,22.2,22.67
03/10/2013,21.9,22.1,21.7,23.0
04/10/2013,21.4,23.0,22.0,22.67
05/10/2013,22.7,23.0,21.9,23.67
06/10/2013,22.9,23.5,21.6,24.0
07/10/2013,21.5,22.1,22.4,23.0
08/10/2013,21.1,22.5,22.1,22.0
09/10/2013,23.4,23.6,23.3,23.33
10/10/2013,23.6,24.8,23.4,22.67
11/10/2013,21.6,22.3,22.7,22.33
12/10/2013,21.1,22.2,22.2,23.0
13/10/2013,22.7,23.9,23.1,24.0
14/10/2013,22.2,22.9,23.7,22.0
15/10/2013,21.0,20.4,21.3,24.33
16/10/2013,22.8,23.8,23.9,24.0
17/10/2013,22.8,23.7,22.2,23.0
18/10/2013,21.6,22.6,22.1,23.0
19/10/2013,21.6,23.2,21.8,23.33
20/10/2013,23.1,23.5,23.5,23.33
21/10/2013,21.7,23.9,22.8,24.0
22/10/2013,23.8,25.3,24.3,25.33
23/10/2013,22.0,22.8,22.6,24.0
24/10/2013,23.4,25.1,24.8,21.67
25/10/2013,23.4,23.6,22.8,23.33
26/10/2013,23.0,23.1,22.8,24.33
27/10/2013,23.7,24.3,23.6,24.67
28/10/2013,21.6,21.8,22.8,24.67
29/10/2013,23.2,24.2,23.8,25.0
30/10/2013,21.9,23.5,24.2,25.0
31/10/2013,22.9,23.9,23.7,25.0
01/11/2013,23.6,23.8,23.3,22.3
02/11/2013,21.8,22.2,22.2,21.8
03/11/2013,23.3,23.9,23.9,23.3
04/11/2013,23.6,23.4,22.9,22.3
05/11/2013,21.6,19.9,19.6,19.6
06/11/2013,19.6,20.6,20.1,19.6
07/11/2013,19.1,19.2,18.4,19.1
08/11/2013,22.3,23.9,22.8,22.7
09/11/2013,22.1,22.9,23.2,22.4
10/11/2013,23.3,23.5,23.2,22.4
11/11/2013,21.9,23.3,23.1,22.7
12/11/2013,22.8,23.7,23.2,22.4
13/11/2013,21.2,22.1,22.7,22.9
14/11/2013,22.7,23.6,23.7,22.7
15/11/2013,23.5,25.6,24.5,23.5
16/11/2013,23.1,23.5,23.9,22.6
17/11/2013,23.9,24.4,23.6,23.2
18/11/2013,24.2,24.6,24.3,22.6
19/11/2013,24.7,26.3,25.0,23.7
20/11/2013,25.1,25.4,24.8,24.7
21/11/2013,25.2,25.7,24.3,23.1
22/11/2013,23.2,23.1,24.1,20.6
23/11/2013,22.6,23.1,22.8,22.1
24/11/2013,23.3,24.9,24.2,23.3
25/11/2013,25.1,24.7,24.2,23.6
26/11/2013,23.1,22.9,21.4,20.8
27/11/2013,22.7,22.1,21.9,21.7
28/11/2013,23.2,23.0,22.5,22.1
29/11/2013,23.6,25.2,24.7,24.5
30/11/2013,23.3,23.9,24.3,24.0
01/12/2013,25.9,27.4,26.1,26.3
02/12/2013,26.9,27.1,25.7,25.7
03/12/2013,23.4,24.2,23.8,23.3
04/12/2013,25.0,26.3,25.3,25.9
05/12/2013,25.4,26.1,26.2,25.7
06/12/2013,24.3,25.4,25.1,24.0
07/12/2013,23.3,24.8,25.2,24.6
08/12/2013,24.8,25.8,25.4,24.7
09/12/2013,25.8,26.3,25.8,25.1
10/12/2013,26.4,26.4,25.2,25.1
11/12/2013,27.1,26.4,26.2,25.1
12/12/2013,29.9,25.6,24.9,24.2
13/12/2013,24.7,25.6,25.6,24.6
14/12/2013,25.4,26.4,25.6,25.4
15/12/2013,26.1,26.7,26.1,26.0
16/12/2013,25.5,25.3,25.4,24.6
17/12/2013,26.8,27.8,26.7,26.1
18/12/2013,26.5,27.0,26.6,26.4
19/12/2013,26.1,26.4,25.3,25.2
20/12/2013,25.6,26.6,25.3,26.2
21/12/2013,26.3,26.7,25.6,25.9
22/12/2013,27.5,28.1,26.8,26.7
23/12/2013,26.7,26.8,25.4,25.6
24/12/2013,27.6,28.5,28.3,27.9
25/12/2013,26.8,28.5,27.3,27.2
26/12/2013,27.9,28.8,27.7,27.8
27/12/2013,27.3,28.8,27.4,27.2
28/12/2013,25.5,26.4,26.0,26.7
29/12/2013,26.1,26.8,26.2,26.0
30/12/2013,27.4,28.3,27.0,26.9
31/12/2013,27.5,28.2,27.5,26.9
01/01/2014,26.9,27.8,26.9,26.7
02/01/2014,27.8,28.8,28.1,26.7
03/01/2014,27.1,28.4,27.1,27.3
04/01/2014,25.7,27.2,27.1,28.5
05/01/2014,26.9,27.5,26.4,28.1
06/01/2014,27.7,28.6,28.0,27.5
07/01/2014,27.9,29.1,28.8,28.8
08/01/2014,28.8,30.9,29.1,29.8
09/01/2014,28.8,30.6,28.7,29.7
10/01/2014,26.7,28.6,26.7,29.5
11/01/2014,28.2,28.9,28.2,29.5
12/01/2014,28.8,29.6,28.3,29.5
13/01/2014,27.8,28.8,27.9,29.7
14/01/2014,28.9,29.4,27.8,30.0
15/01/2014,26.9,27.3,25.7,30.0
16/01/2014,27.5,27.7,27.1,30.0
17/01/2014,30.3,30.9,30.0,30.0
18/01/2014,27.0,28.3,29.2,31.0
19/01/2014,28.5,28.4,26.6,31.0
20/01/2014,27.7,28.7,28.4,29.3
21/01/2014,27.8,27.8,27.1,28.5
22/01/2014,28.7,29.4,27.9,29.7
23/01/2014,31.0,31.1,29.7,29.7
24/01/2014,29.9,30.7,30.1,31.5
25/01/2014,27.8,28.6,28.5,29.5
26/01/2014,28.1,29.2,28.2,29.8
27/01/2014,27.1,28.8,26.9,30.0
28/01/2014,30.3,29.6,28.8,27.2
29/01/2014,28.1,27.6,26.7,29.5
30/01/2014,27.8,28.3,25.6,29.5
31/01/2014,31.8,31.5,30.7,28.7
01/02/2014,28.4,27.0,27.9,30.0
02/02/2014,27.8,27.6,28.0,27.5
03/02/2014,27.3,28.1,28.1,29.0
04/02/2014,28.7,29.6,28.8,29.87
05/02/2014,29.1,29.4,29.1,30.5
06/02/2014,30.2,29.8,28.9,30.5
07/02/2014,28.3,28.8,28.5,30.5
08/02/2014,28.4,29.0,28.6,30.5
09/02/2014,28.7,29.4,28.7,30.3
10/02/2014,27.7,28.7,27.9,29.2
11/02/2014,27.3,27.7,27.2,28.5
12/02/2014,27.3,27.5,27.4,28.5
13/02/2014,28.1,29.0,28.1,28.5
14/02/2014,27.5,24.3,28.2,28.8
15/02/2014,28.7,29.6,28.5,28.8
16/02/2014,29.3,28.6,28.7,28.5
17/02/2014,28.2,28.4,28.7,29.8
18/02/2014,30.3,29.4,29.8,30.5
19/02/2014,28.9,30.7,27.5,30.5
20/02/2014,25.6,28.7,25.8,27.3
21/02/2014,28.7,27.7,26.8,28.0
22/02/2014,29.8,27.5,30.1,29.8
23/02/2014,28.6,29.0,27.4,31.0
24/02/2014,27.2,24.3,29.1,31.0
25/02/2014,29.3,29.6,27.9,28.8
26/02/2014,29.6,28.6,29.6,31.0
27/02/2014,29.9,28.4,29.4,31.5
28/02/2014,25.9,29.4,26.9,28.0
01/03/2014,27.9,26.9,26.1,29.0
02/03/2014,30.3,27.8,29.7,31.3
03/03/2014,30.7,27.1,28.9,32.5
04/03/2014,28.4,25.7,27.7,28.3
05/03/2014,27.6,26.9,28.2,29.0
06/03/2014,29.1,27.7,29.3,30.5
07/03/2014,29.3,27.9,30.1,28.8
08/03/2014,28.8,28.8,27.6,28.8
09/03/2014,29.9,28.8,28.5,30.5
10/03/2014,31.2,26.7,30.4,32.0
11/03/2014,30.4,28.2,29.9,31.7
12/03/2014,25.7,28.8,27.2,31.0
13/03/2014,28.6,27.8,28.8,31.0
14/03/2014,29.5,29.5,28.3,28.2
15/03/2014,28.8,28.8,28.2,27.5
16/03/2014,29.2,29.2,28.4,29.0
17/03/2014,28.9,28.9,27.6,29.0
18/03/2014,29.8,29.8,28.4,29.2
19/03/2014,30.7,30.7,28.7,29.2
20/03/2014,29.4,29.4,28.7,30.0
21/03/2014,28.0,28.0,27.1,30.0
22/03/2014,29.7,29.7,27.9,28.2
23/03/2014,29.0,29.0,28.6,29.5
24/03/2014,30.2,30.2,29.3,29.8
25/03/2014,29.8,29.8,29.4,30.5
26/03/2014,30.1,30.5,29.5,30.5
27/03/2014,27.4,27.5,26.7,28.8
28/03/2014,28.8,28.4,27.9,29.5
29/03/2014,28.1,27.8,26.6,29.5
30/03/2014,30.6,32.1,29.4,31.2
31/03/2014,32.1,32.2,31.3,31.3
01/04/2014,29.0,29.3,28.6,27.83
02/04/2014,27.0,27.7,26.7,26.67
03/04/2014,27.1,27.4,26.3,27.17
04/04/2014,29.0,29.1,27.8,28.18
05/04/2014,29.1,27.6,27.8,26.67
06/04/2014,28.1,28.6,27.8,28.33
07/04/2014,27.2,27.5,26.6,28.0
08/04/2014,27.2,28.1,26.3,26.0
09/04/2014,27.4,28.2,27.8,28.0
10/04/2014,26.2,27.1,26.2,26.0
11/04/2014,25.8,25.8,25.8,27.5
12/04/2014,26.0,26.2,25.9,27.5
13/04/2014,25.8,24.9,25.1,27.5
14/04/2014,26.0,27.0,24.3,27.5
15/04/2014,26.3,26.4,25.7,26.5
16/04/2014,27.0,28.3,27.5,27.83
17/04/2014,28.9,29.9,29.2,29.0
18/04/2014,27.3,27.5,26.7,27.67
19/04/2014,27.3,28.5,27.8,28.5
20/04/2014,25.8,27.0,27.1,29.5
21/04/2014,28.0,28.5,27.4,28.83
22/04/2014,28.0,29.1,27.8,27.83
23/04/2014,28.3,29.2,28.2,28.0
24/04/2014,27.4,28.4,28.3,28.0
25/04/2014,28.6,28.7,28.5,28.0
26/04/2014,27.8,29.0,28.4,28.33
27/04/2014,27.9,28.6,27.8,28.5
28/04/2014,26.4,26.8,26.1,27.67
29/04/2014,27.7,28.4,26.2,28.0
30/04/2014,26.3,28.1,26.6,28.0
01/05/2014,26.2,28.1,26.2,24.5
02/05/2014,29.6,30.8,29.1,28.33
03/05/2014,27.4,28.4,27.6,29.0
04/05/2014,28.3,28.5,28.2,29.0
05/05/2014,25.8,26.9,27.2,28.0
06/05/2014,27.4,29.7,28.4,26.83
07/05/2014,27.7,29.7,28.4,28.33
08/05/2014,24.4,24.8,23.8,26.67
09/05/2014,26.2,26.9,25.1,26.83
10/05/2014,24.3,24.7,23.7,25.17
11/05/2014,25.9,26.1,25.3,25.0
12/05/2014,27.8,28.3,27.9,27.67
13/05/2014,27.3,27.6,27.5,26.17
14/05/2014,23.2,23.3,23.8,27.0
15/05/2014,26.2,26.6,26.9,27.0
16/05/2014,25.8,27.1,27.2,26.67
17/05/2014,26.3,28.1,27.5,26.67
18/05/2014,28.2,28.4,27.5,27.0
19/05/2014,27.1,27.8,27.3,24.5
20/05/2014,27.4,28.7,28.3,27.67
21/05/2014,29.6,31.2,31.3,29.0
22/05/2014,27.8,29.0,28.1,28.0
23/05/2014,24.6,24.4,25.1,27.0
24/05/2014,23.3,23.0,22.7,25.5
25/05/2014,23.2,23.3,24.3,25.5
26/05/2014,25.8,26.1,26.7,26.5
27/05/2014,26.5,27.4,27.2,26.0
28/05/2014,24.1,24.4,23.9,26.5
29/05/2014,23.3,23.5,23.0,24.83
30/05/2014,26.6,26.9,26.1,26.33
31/05/2014,26.6,27.7,27.1,27.0
01/06/2014,26.0,27.5,26.3,27.5
02/06/2014,26.8,27.9,27.4,27.5
03/06/2014,25.7,27.3,26.9,28.0
04/06/2014,23.7,23.7,28.2,25.5
05/06/2014,26.9,26.4,27.2,25.5
06/06/2014,23.7,23.5,28.4,25.0
07/06/2014,23.6,23.0,28.4,24.5
08/06/2014,23.1,23.9,23.8,24.5
09/06/2014,26.8,28.4,25.1,27.0
10/06/2014,24.9,25.4,23.7,28.0
11/06/2014,23.1,23.2,25.3,28.0
12/06/2014,22.7,22.6,27.9,28.0
13/06/2014,23.1,23.3,27.5,24.7
14/06/2014,25.7,26.3,23.8,25.5
15/06/2014,25.6,25.9,26.9,25.5
16/06/2014,23.9,24.3,27.2,24.7
17/06/2014,26.7,26.9,26.9,24.8
18/06/2014,25.0,26.4,25.9,28.0
19/06/2014,22.8,23.2,22.2,25.0
20/06/2014,22.6,23.2,21.6,24.0
21/06/2014,24.8,26.6,25.8,24.0
22/06/2014,25.7,26.9,26.3,25.5
23/06/2014,25.8,27.1,26.3,26.7
24/06/2014,25.1,26.3,24.7,27.0
25/06/2014,24.4,24.8,25.6,25.3
26/06/2014,28.2,27.3,26.6,26.8
27/06/2014,24.9,25.6,25.2,25.2
28/06/2014,23.3,23.9,24.4,24.0
29/06/2014,26.2,27.5,26.6,28.0
30/06/2014,25.2,25.7,25.1,25.7
01/07/2014,22.9,23.4,25.0,25.0
02/07/2014,20.9,20.9,20.0,25.0
03/07/2014,21.7,21.9,22.2,25.0
04/07/2014,24.2,22.6,23.4,24.0
05/07/2014,21.6,20.6,21.8,24.0
06/07/2014,22.1,23.3,22.8,24.0
07/07/2014,23.4,24.7,24.3,24.5
08/07/2014,22.8,23.5,23.5,23.8
09/07/2014,23.5,24.3,24.6,24.5
10/07/2014,22.2,22.5,22.9,24.0
11/07/2014,22.8,23.3,23.9,24.0
12/07/2014,21.9,22.6,22.9,22.2
13/07/2014,22.7,23.9,23.7,24.0
14/07/2014,21.1,21.1,22.6,22.3
15/07/2014,21.4,22.3,22.3,22.8
16/07/2014,22.9,24.3,23.7,22.5
17/07/2014,24.1,24.6,24.3,24.5
18/07/2014,23.3,25.1,24.3,24.5
19/07/2014,22.7,23.3,23.3,23.0
20/07/2014,22.2,24.1,24.1,25.0
21/07/2014,22.1,21.8,22.3,22.2
22/07/2014,21.5,20.3,21.2,23.7
23/07/2014,20.3,20.0,21.3,21.2
24/07/2014,19.7,19.9,21.7,22.0
25/07/2014,23.4,24.3,24.0,24.2
26/07/2014,23.1,23.5,23.3,23.8
27/07/2014,22.1,23.9,24.5,24.3
28/07/2014,23.3,23.9,23.6,23.3
29/07/2014,22.4,23.5,23.8,24.2
30/07/2014,22.8,22.4,23.2,23.8
31/07/2014,20.7,20.3,22.3,23.7
01/08/2014,23.6,24.3,22.57,24.5
02/08/2014,23.6,24.9,23.05,26.0
03/08/2014,23.3,25.3,23.22,26.0
04/08/2014,23.7,25.2,22.45,24.5
05/08/2014,23.9,26.1,22.57,25.8
06/08/2014,24.1,23.5,22.28,24.3
07/08/2014,20.3,19.2,22.73,23.0
08/08/2014,22.4,22.3,23.02,22.0
09/08/2014,23.3,23.5,22.32,23.3
10/08/2014,23.1,23.2,22.42,21.0
11/08/2014,22.2,23.4,22.05,23.3
12/08/2014,22.6,23.8,23.18,24.0
13/08/2014,22.7,21.8,22.95,21.0
14/08/2014,21.9,23.9,23.53,22.0
15/08/2014,21.1,22.1,22.65,23.3
16/08/2014,22.8,23.4,22.37,23.3
17/08/2014,22.9,24.7,22.68,24.5
18/08/2014,22.8,23.8,22.75,24.5
19/08/2014,23.0,24.1,21.93,23.3
20/08/2014,22.0,21.6,22.88,25.0
21/08/2014,19.9,20.8,22.6,21.8
22/08/2014,22.6,22.7,23.28,22.7
23/08/2014,21.2,21.9,23.07,21.0
24/08/2014,22.5,23.9,22.05,23.5
25/08/2014,22.5,23.9,21.97,24.0
26/08/2014,22.9,24.3,22.18,24.0
27/08/2014,22.9,24.2,22.33,24.3
28/08/2014,23.8,24.3,22.47,25.0
29/08/2014,24.3,25.2,22.35,24.2
30/08/2014,23.0,24.2,22.28,23.2
31/08/2014,21.9,21.8,23.07,25.5
01/09/2014,21.6,21.4,22.2,22.8
02/09/2014,23.1,25.1,21.7,23.8
03/09/2014,22.4,24.7,22.2,23.8
04/09/2014,23.4,23.9,23.5,24.5
05/09/2014,23.2,23.7,21.9,23.0
06/09/2014,20.5,19.9,21.1,24.0
07/09/2014,22.8,23.4,21.7,24.0
08/09/2014,22.7,23.7,22.1,24.0
09/09/2014,23.1,24.8,25.0,24.0
10/09/2014,23.2,25.2,23.4,25.0
11/09/2014,22.2,23.9,22.2,25.0
12/09/2014,25.9,28.1,27.1,20.5
13/09/2014,25.6,25.8,25.4,27.5
14/09/2014,23.5,24.3,23.6,27.5
15/09/2014,22.7,23.6,21.7,27.5
16/09/2014,22.9,23.5,23.8,24.16
17/09/2014,21.4,22.3,23.1,24.83
18/09/2014,24.1,23.9,23.4,23.16
19/09/2014,22.1,22.7,23.2,24.5
20/09/2014,21.7,23.6,23.4,24.0
21/09/2014,22.8,23.6,22.7,24.0
22/09/2014,22.6,23.5,23.9,24.5
23/09/2014,24.4,26.1,24.9,23.0
24/09/2014,22.2,23.3,23.7,24.5
25/09/2014,22.4,23.5,23.3,23.83
26/09/2014,22.2,23.4,23.1,24.16
27/09/2014,21.6,22.9,23.6,25.0
28/09/2014,23.8,24.4,24.8,23.5
29/09/2014,23.2,23.8,23.7,22.0
30/09/2014,23.0,24.3,23.7,24.0
01/10/2014,22.0,23.5,23.2,24.7
02/10/2014,23.2,24.6,24.3,25.0
03/10/2014,22.2,23.0,23.1,26.0
04/10/2014,22.2,23.5,22.9,26.0
05/10/2014,24.2,23.8,23.4,24.7
06/10/2014,24.3,24.3,23.7,24.3
07/10/2014,24.4,24.6,23.7,25.0
08/10/2014,23.2,24.3,23.6,25.0
09/10/2014,23.4,23.8,23.8,25.0
10/10/2014,24.7,24.3,23.8,24.0
11/10/2014,24.6,24.3,24.2,24.0
12/10/2014,23.1,24.7,24.8,24.7
13/10/2014,23.0,22.9,23.2,25.5
14/10/2014,23.3,24.4,24.4,26.0
15/10/2014,24.3,25.4,24.5,26.0
16/10/2014,23.8,25.2,24.6,26.5
17/10/2014,26.0,26.7,25.3,26.5
18/10/2014,24.6,25.3,25.0,27.0
19/10/2014,24.2,25.2,25.2,25.7
20/10/2014,24.7,25.7,25.0,25.0
21/10/2014,23.6,25.1,24.4,26.0
22/10/2014,24.1,24.1,24.5,26.5
23/10/2014,23.6,24.7,26.0,24.2
24/10/2014,22.4,23.5,23.4,24.5
25/10/2014,23.4,23.8,23.7,25.5
26/10/2014,24.2,25.2,25.3,25.2
27/10/2014,23.2,23.8,24.3,24.5
28/10/2014,24.0,24.2,24.1,24.5
29/10/2014,22.5,22.9,23.4,25.5
30/10/2014,20.9,20.6,20.6,24.0
31/10/2014,21.7,22.1,21.1,24.5
01/11/2014,23.9,24.8,23.42,24.5
02/11/2014,24.5,24.7,23.3,26.0
03/11/2014,24.7,24.7,24.58,26.0
04/11/2014,23.1,23.2,24.1,23.2
05/11/2014,23.7,23.8,23.18,24.7
06/11/2014,22.3,22.9,23.32,25.0
07/11/2014,25.2,25.6,23.28,25.0
08/11/2014,25.0,25.3,23.7,25.8
09/11/2014,26.3,27.6,24.2,26.5
10/11/2014,22.9,23.6,24.68,24.8
11/11/2014,25.0,26.1,24.05,24.7
12/11/2014,25.7,26.1,24.77,25.2
13/11/2014,24.3,25.8,24.78,25.0
14/11/2014,24.2,25.2,24.8,24.2
15/11/2014,26.2,26.1,25.07,25.3
16/11/2014,23.8,24.4,25.22,25.0
17/11/2014,21.6,24.4,24.37,22.8
18/11/2014,24.1,23.6,24.95,24.5
19/11/2014,25.7,26.1,24.95,26.7
20/11/2014,24.8,26.1,24.83,27.0
21/11/2014,24.1,25.8,24.8,27.0
22/11/2014,24.3,25.2,24.27,24.7
23/11/2014,23.6,26.1,24.53,26.0
24/11/2014,24.9,25.3,24.67,25.7
25/11/2014,25.3,25.8,25.0,26.5
26/11/2014,24.9,25.2,24.8,24.8
27/11/2014,26.3,26.1,24.65,25.7
28/11/2014,24.6,24.4,24.78,24.5
29/11/2014,23.9,24.4,25.55,23.5
30/11/2014,25.8,25.9,25.53,23.5
01/12/2014,26.1,26.7,25.8,26.5
02/12/2014,25.8,26.3,26.2,26.7
03/12/2014,24.7,25.3,25.8,26.3
04/12/2014,26.8,26.8,26.6,26.3
05/12/2014,25.4,24.7,24.4,26.5
06/12/2014,28.7,28.2,27.5,26.2
07/12/2014,25.4,25.7,25.8,25.7
08/12/2014,24.7,25.6,25.5,26.0
09/12/2014,25.9,26.9,26.0,27.3
10/12/2014,24.7,24.2,26.4,26.0
11/12/2014,27.8,26.85,27.1,27.8
12/12/2014,25.9,26.48,25.6,25.5
13/12/2014,22.4,26.17,22.7,26.5
14/12/2014,27.8,27.28,27.1,26.5
15/12/2014,25.1,25.83,25.6,26.8
16/12/2014,25.3,27.38,24.6,26.3
17/12/2014,26.5,25.7,25.4,26.5
18/12/2014,27.2,26.2,26.4,27.0
19/12/2014,26.0,26.2,25.8,26.0
20/12/2014,25.5,25.9,25.4,26.5
21/12/2014,24.1,24.2,25.1,26.5
22/12/2014,26.8,26.1,25.5,25.2
23/12/2014,27.5,26.6,26.3,26.7
24/12/2014,26.3,25.6,25.7,27.5
25/12/2014,24.8,25.7,26.1,26.3
26/12/2014,26.2,25.9,25.7,26.7
27/12/2014,25.3,23.8,24.9,24.3
28/12/2014,25.8,27.4,25.3,26.0
29/12/2014,29.4,28.9,27.7,27.0
30/12/2014,27.8,27.3,26.6,29.0
31/12/2014,27.5,27.8,26.9,27.3
01/01/2015,27.2,26.7,27.0,28.17
02/01/2015,27.5,28.1,27.9,28.67
03/01/2015,28.2,28.1,27.1,29.5
04/01/2015,26.6,27.0,26.9,29.5
05/01/2015,26.4,28.1,26.1,29.5
06/01/2015,27.2,27.0,27.2,27.33
07/01/2015,26.9,27.0,26.4,27.0
08/01/2015,27.6,27.2,27.1,27.83
09/01/2015,28.3,27.0,26.5,27.83
10/01/2015,28.0,28.9,26.6,28.17
11/01/2015,29.7,29.1,27.5,29.5
12/01/2015,28.7,29.2,28.2,28.83
13/01/2015,27.7,28.9,27.9,29.67
14/01/2015,29.0,28.8,28.1,30.0
15/01/2015,27.7,27.8,26.7,28.0
16/01/2015,28.3,28.6,27.6,28.17
17/01/2015,27.3,28.1,26.7,28.0
18/01/2015,27.1,27.4,26.6,28.0
19/01/2015,27.3,28.3,27.4,28.17
20/01/2015,27.8,28.3,27.9,28.17
21/01/2015,29.5,28.4,28.5,28.17
22/01/2015,27.8,28.4,27.4,27.17
23/01/2015,28.5,29.1,26.4,28.5
24/01/2015,28.6,27.9,27.1,26.83
25/01/2015,28.3,29.1,28.3,29.33
26/01/2015,28.4,27.9,27.8,30.0
27/01/2015,29.0,29.3,29.2,29.33
28/01/2015,29.8,30.0,28.4,28.17
29/01/2015,28.4,28.8,27.8,29.0
30/01/2015,29.6,28.5,27.9,29.5
31/01/2015,28.4,26.7,27.0,27.33
01/02/2015,27.7,27.3,24.4,27.5
02/02/2015,29.8,29.3,28.3,30.0
03/02/2015,29.4,29.4,29.6,29.33
04/02/2015,30.1,30.1,29.4,29.67
05/02/2015,29.3,29.1,28.2,29.0
06/02/2015,29.5,29.6,28.7,30.33
07/02/2015,29.9,31.1,29.6,30.5
08/02/2015,30.6,31.1,29.7,30.83
09/02/2015,31.1,30.9,29.1,32.0
10/02/2015,31.4,31.1,30.4,30.83
11/02/2015,29.4,30.6,29.7,29.8
12/02/2015,28.0,29.0,27.7,28.3
13/02/2015,29.7,28.1,27.7,28.2
14/02/2015,30.6,30.5,29.3,29.0
15/02/2015,30.8,29.8,29.3,30.5
16/02/2015,29.6,30.6,29.1,30.5
17/02/2015,30.7,29.8,29.5,29.7
18/02/2015,31.2,30.4,29.8,30.0
19/02/2015,29.8,32.6,30.3,31.0
20/02/2015,30.7,29.8,29.1,30.3
21/02/2015,32.8,31.2,31.1,30.8
22/02/2015,30.2,31.7,32.8,32.0
23/02/2015,28.9,29.1,29.8,29.3
24/02/2015,28.6,27.8,26.3,26.0
25/02/2015,30.9,27.9,31.2,28.0
26/02/2015,30.6,30.9,30.6,28.0
27/02/2015,31.1,30.4,30.9,30.3
28/02/2015,32.8,31.5,30.2,30.0
01/03/2015,30.2,30.0,29.3,31.0
02/03/2015,29.1,30.2,29.4,29.67
03/03/2015,30.8,30.2,29.5,30.5
04/03/2015,28.7,30.0,27.6,30.5
05/03/2015,30.0,30.5,28.7,30.5
06/03/2015,28.9,30.4,28.6,30.5
07/03/2015,30.1,29.8,28.6,27.83
08/03/2015,30.8,30.6,29.1,28.0
09/03/2015,29.2,29.0,28.4,29.83
10/03/2015,28.5,28.4,27.9,28.6
11/03/2015,30.0,30.6,28.8,40.5
12/03/2015,30.0,30.6,29.8,30.0
13/03/2015,33.1,30.9,30.1,30.0
14/03/2015,31.1,30.9,30.1,30.83
15/03/2015,30.5,30.7,30.2,30.0
16/03/2015,31.3,31.5,30.5,31.67
17/03/2015,30.8,31.2,30.4,32.5
18/03/2015,32.8,33.3,31.7,31.83
19/03/2015,30.2,29.9,29.4,30.0
20/03/2015,29.9,29.4,27.8,27.67
21/03/2015,30.9,31.3,30.6,31.33
22/03/2015,32.1,32.3,30.4,32.67
23/03/2015,31.2,32.2,32.0,32.5
24/03/2015,31.3,32.3,31.4,31.33
25/03/2015,31.1,32.2,30.7,33.0
26/03/2015,30.4,32.3,30.9,31.33
27/03/2015,31.2,31.9,29.9,29.0
28/03/2015,30.9,29.7,30.2,29.67
29/03/2015,28.5,28.9,28.6,31.0
30/03/2015,29.9,30.9,29.8,29.83
31/03/2015,30.5,31.3,30.3,29.0
01/04/2015,29.6,30.2,29.9,30.5
02/04/2015,29.8,30.5,28.8,30.5
03/04/2015,30.2,29.9,29.7,28.67
04/04/2015,28.2,29.0,28.2,29.0
05/04/2015,30.8,32.4,30.8,31.0
06/04/2015,31.2,31.5,31.0,32.0
07/04/2015,30.4,30.2,28.8,29.0
08/04/2015,27.5,30.1,28.9,30.0
09/04/2015,29.6,30.5,28.8,27.67
10/04/2015,28.9,30.8,29.7,29.67
11/04/2015,28.8,28.7,29.0,28.17
12/04/2015,29.5,31.1,29.9,30.17
13/04/2015,30.3,30.8,29.9,30.5
14/04/2015,28.7,30.4,28.9,30.5
15/04/2015,29.7,31.1,30.9,30.5
16/04/2015,29.5,30.8,29.8,29.5
17/04/2015,29.4,30.7,29.1,28.33
18/04/2015,30.6,30.7,29.6,28.17
19/04/2015,29.2,29.4,28.4,30.0
20/04/2015,29.6,29.9,29.1,28.17
21/04/2015,29.3,29.1,28.8,29.0
22/04/2015,29.3,28.4,27.6,29.0
23/04/2015,27.7,27.9,28.0,28.0
24/04/2015,28.9,28.9,28.5,28.67
25/04/2015,27.8,27.9,27.4,26.83
26/04/2015,28.3,29.4,27.6,27.5
27/04/2015,28.0,28.4,27.8,28.0
28/04/2015,27.9,29.3,28.6,28.67
29/04/2015,27.4,28.3,28.4,29.5
30/04/2015,27.8,29.6,28.0,27.5
01/05/2015,28.4,29.4,29.6,29.5
02/05/2015,29.0,30.0,29.2,26.5
03/05/2015,28.2,29.4,28.5,29.5
04/05/2015,27.6,27.9,28.2,29.5
05/05/2015,28.3,28.9,28.3,26.8
06/05/2015,28.4,29.4,28.3,28.5
07/05/2015,28.3,28.9,28.3,27.5
08/05/2015,28.0,28.2,28.2,28.5
09/05/2015,28.7,28.6,28.6,27.3
10/05/2015,27.6,28.7,28.1,28.0
11/05/2015,28.1,29.1,27.7,28.5
12/05/2015,27.6,27.9,27.6,28.5
13/05/2015,28.2,29.1,28.4,24.5
14/05/2015,27.8,28.6,28.3,28.5
15/05/2015,27.6,28.7,26.8,28.5
16/05/2015,27.8,29.3,27.9,29.5
17/05/2015,28.0,29.2,28.6,29.5
18/05/2015,27.5,28.3,28.1,27.2
19/05/2015,23.3,23.6,23.4,26.0
20/05/2015,22.8,23.5,22.8,26.0
21/05/2015,27.1,28.3,28.1,27.7
22/05/2015,25.6,24.6,25.4,25.7
23/05/2015,24.4,25.4,26.4,26.0
24/05/2015,24.7,25.2,25.4,28.0
25/05/2015,26.1,28.1,27.9,28.0
26/05/2015,27.2,29.1,28.8,26.8
27/05/2015,24.6,26.4,25.1,29.5
28/05/2015,25.2,26.9,26.4,29.5
29/05/2015,27.4,28.5,25.4,27.7
30/05/2015,26.1,26.1,27.9,28.5
31/05/2015,25.6,25.1,28.8,28.5
01/06/2015,23.5,29.2,24.6,26.0
02/06/2015,22.9,30.4,25.32,23.5
03/06/2015,26.2,26.7,24.85,26.83
04/06/2015,24.2,25.1,25.63,27.5
05/06/2015,27.6,29.7,24.47,26.5
06/06/2015,26.9,29.2,24.68,28.0
07/06/2015,28.3,30.4,25.43,27.5
08/06/2015,27.3,29.7,24.22,28.5
09/06/2015,27.4,25.1,24.83,27.17
10/06/2015,29.1,23.7,25.33,28.67
11/06/2015,28.7,27.6,25.08,30.5
12/06/2015,23.2,26.6,25.47,24.17
13/06/2015,23.8,26.3,25.1,24.0
14/06/2015,25.5,27.6,23.53,26.33
15/06/2015,25.9,26.8,24.57,26.0
16/06/2015,24.2,25.8,24.7,26.0
17/06/2015,22.6,27.2,24.85,24.83
18/06/2015,25.9,25.3,25.08,25.67
19/06/2015,25.6,27.8,22.92,27.5
20/06/2015,25.8,28.3,23.38,27.5
21/06/2015,25.8,28.7,23.97,27.5
22/06/2015,25.4,29.1,24.03,27.5
23/06/2015,24.3,27.4,23.82,25.0
24/06/2015,27.0,30.1,23.88,27.5
25/06/2015,23.6,25.4,23.52,27.0
26/06/2015,26.4,26.8,23.88,26.5
27/06/2015,26.7,26.3,23.22,26.5
28/06/2015,26.7,24.6,23.05,25.0
29/06/2015,27.1,27.4,24.42,29.0
30/06/2015,26.4,22.6,24.47,29.0
01/07/2015,28.2,22.8,24.35,28.0
02/07/2015,24.1,26.5,22.53,28.5
03/07/2015,26.2,27.2,22.27,26.5
04/07/2015,24.9,25.6,22.43,25.67
05/07/2015,22.8,25.7,22.02,25.67
06/07/2015,26.9,23.9,22.38,26.0
07/07/2015,22.7,26.9,22.72,24.0
08/07/2015,21.9,25.1,23.03,25.67
09/07/2015,24.9,23.3,22.47,25.17
10/07/2015,24.9,25.6,23.5,24.0
11/07/2015,25.3,21.9,22.9,24.67
12/07/2015,24.8,25.4,22.03,25.0
13/07/2015,23.0,26.8,24.17,25.0
14/07/2015,25.6,27.1,23.3,25.33
15/07/2015,23.6,25.7,22.17,24.33
16/07/2015,23.8,25.7,22.8,24.33
17/07/2015,24.3,25.1,22.32,24.5
18/07/2015,21.2,23.2,22.0,24.83
19/07/2015,23.2,22.6,22.85,26.0
20/07/2015,25.1,22.9,22.13,26.5
21/07/2015,25.4,24.2,22.03,26.5
22/07/2015,25.2,25.3,23.0,24.5
23/07/2015,24.8,24.1,23.08,23.83
24/07/2015,24.3,25.8,22.52,24.83
25/07/2015,22.3,21.3,22.08,24.83
26/07/2015,21.1,24.2,21.9,24.5
27/07/2015,22.4,24.1,22.97,23.67
28/07/2015,22.8,24.7,23.42,24.83
29/07/2015,23.7,25.3,23.17,24.67
30/07/2015,23.6,24.1,23.1,24.83
31/07/2015,23.6,24.1,22.0,24.67
01/08/2015,22.4,23.1,28.3,24.0
02/08/2015,23.3,21.5,31.3,24.33
03/08/2015,23.1,22.7,28.1,20.67
04/08/2015,22.7,24.1,25.1,24.0
05/08/2015,23.3,23.8,22.7,25.67
06/08/2015,22.8,23.7,24.3,26.5
07/08/2015,24.0,26.4,26.7,26.5
08/08/2015,23.1,23.6,27.2,23.5
09/08/2015,21.2,24.8,23.9,22.5
10/08/2015,22.7,26.2,23.0,23.33
11/08/2015,24.7,24.0,26.1,24.0
12/08/2015,23.2,23.7,27.1,25.5
13/08/2015,22.2,23.2,26.2,22.83
14/08/2015,22.2,23.7,25.8,22.0
15/08/2015,24.1,26.4,25.9,23.5
16/08/2015,22.6,23.6,25.1,25.5
17/08/2015,23.4,24.8,24.3,25.5
18/08/2015,23.1,26.2,25.7,24.47
19/08/2015,22.8,24.0,27.5,25.0
20/08/2015,20.1,20.5,29.2,24.5
21/08/2015,20.5,22.2,26.7,21.83
22/08/2015,22.2,22.1,27.8,21.5
23/08/2015,23.2,23.1,27.1,24.5
24/08/2015,24.1,25.6,22.2,25.0
25/08/2015,23.2,21.8,21.7,23.0
26/08/2015,21.9,23.4,22.2,21.83
27/08/2015,23.4,24.3,23.5,21.33
28/08/2015,24.4,25.7,21.9,24.0
29/08/2015,23.7,24.8,21.1,25.0
30/08/2015,24.2,25.7,21.7,25.0
31/08/2015,24.1,24.8,22.1,25.17
01/09/2015,24.4,21.0,26.2,24.67
02/09/2015,24.3,25.6,26.2,25.67
03/09/2015,24.9,26.8,25.6,31.17
04/09/2015,24.6,25.8,23.9,25.0
05/09/2015,23.7,25.6,25.0,23.0
06/09/2015,25.6,26.5,25.0,24.5
07/09/2015,24.1,25.8,25.7,25.0
08/09/2015,24.4,25.6,25.7,25.0
09/09/2015,25.2,26.1,25.4,25.5
10/09/2015,23.7,26.1,25.8,25.0
11/09/2015,24.2,26.2,26.2,25.67
12/09/2015,26.1,26.8,26.2,26.17
13/09/2015,22.9,24.9,25.6,25.67
14/09/2015,22.9,24.0,23.9,24.67
15/09/2015,24.3,25.8,25.0,23.17
16/09/2015,23.3,25.2,25.0,23.67
17/09/2015,23.7,26.6,25.7,26.0
18/09/2015,24.5,27.2,25.7,25.17
19/09/2015,25.1,26.5,25.6,24.83
20/09/2015,24.6,26.8,25.3,25.33
21/09/2015,25.4,26.8,25.2,26.5
22/09/2015,25.6,27.7,26.6,26.5
23/09/2015,24.2,30.5,25.2,26.17
24/09/2015,23.6,24.8,24.5,24.83
25/09/2015,23.5,25.3,24.9,24.5
26/09/2015,23.5,23.8,24.2,25.0
27/09/2015,23.4,23.9,24.6,24.5
28/09/2015,25.1,27.3,26.5,25.0
29/09/2015,24.4,26.2,25.6,25.5
30/09/2015,24.8,26.7,25.4,25.33
01/10/2015,23.6,25.5,24.9,25.5
02/10/2015,24.8,26.3,25.9,25.5
03/10/2015,25.0,26.1,25.4,26.0
04/10/2015,26.3,27.2,26.4,26.0
05/10/2015,23.8,25.6,23.7,25.33
06/10/2015,24.3,25.4,25.2,25.0
07/10/2015,24.2,25.8,24.3,23.5
08/10/2015,24.7,25.9,25.0,25.0
09/10/2015,25.4,26.6,25.9,25.33
10/10/2015,25.0,24.2,24.7,25.5
11/10/2015,23.8,23.75,23.7,25.0
12/10/2015,23.6,23.83,24.9,25.0
13/10/2015,25.2,23.33,25.6,25.0
14/10/2015,23.5,23.07,25.1,25.5
15/10/2015,21.1,22.73,23.1,25.5
16/10/2015,24.3,26.2,25.4,25.5
17/10/2015,23.4,25.6,25.1,25.5
18/10/2015,24.7,27.2,26.3,25.5
19/10/2015,24.9,26.3,26.2,26.5
20/10/2015,24.2,24.8,25.5,26.5
21/10/2015,24.1,25.8,23.3,26.5
22/10/2015,24.6,27.2,25.9,23.33
23/10/2015,25.6,25.3,26.6,26.0
24/10/2015,24.5,26.1,24.9,24.0
25/10/2015,24.8,26.3,26.4,25.33
26/10/2015,25.5,25.9,25.5,24.0
27/10/2015,24.9,27.1,25.3,25.0
28/10/2015,25.7,26.2,26.8,26.0
29/10/2015,24.3,25.9,25.3,24.83
30/10/2015,23.2,24.6,25.2,26.0
31/10/2015,23.9,24.2,24.1,22.0
01/11/2015,23.7,21.9,24.2,25.0
02/11/2015,21.5,25.4,21.2,25.0
03/11/2015,25.2,25.2,26.8,25.67
04/11/2015,24.4,22.5,25.2,27.5
05/11/2015,21.3,23.7,23.3,22.5
06/11/2015,22.6,25.9,24.3,23.83
07/11/2015,24.3,25.1,25.8,25.5
08/11/2015,23.5,24.4,25.3,26.0
09/11/2015,24.2,26.3,24.9,24.17
10/11/2015,25.8,25.9,25.7,25.5
11/11/2015,24.4,26.2,26.1,25.83
12/11/2015,25.1,25.9,25.4,25.5
13/11/2015,25.2,25.1,25.7,26.0
14/11/2015,24.2,28.4,25.4,23.33
15/11/2015,25.6,25.58,26.7,26.17
16/11/2015,25.0,25.18,26.8,26.33
17/11/2015,24.9,24.57,25.8,23.83
18/11/2015,25.7,24.62,27.0,26.67
19/11/2015,26.2,25.32,27.4,27.33
20/11/2015,26.8,25.0,26.8,27.5
21/11/2015,25.3,24.93,26.3,22.5
22/11/2015,25.4,24.73,23.7,27.0
23/11/2015,24.9,25.02,25.4,25.5
24/11/2015,25.9,25.07,26.5,25.5
25/11/2015,26.8,25.28,26.7,27.5
26/11/2015,26.3,25.08,27.1,27.5
27/11/2015,24.9,25.18,25.9,25.5
28/11/2015,25.4,24.75,26.9,27.0
29/11/2015,26.6,25.35,27.5,27.33
30/11/2015,26.6,25.45,27.2,26.67
01/12/2015,21.8,22.2,22.8,23.17
02/12/2015,21.6,23.3,21.7,25.0
03/12/2015,25.6,27.4,26.9,25.5
04/12/2015,25.1,25.8,25.7,26.67
05/12/2015,25.1,27.0,27.0,27.5
06/12/2015,25.2,26.3,25.4,27.5
07/12/2015,23.7,23.8,23.2,27.5
08/12/2015,29.5,30.1,27.9,27.5
09/12/2015,28.6,28.2,28.5,27.83
10/12/2015,29.1,28.1,27.1,29.0
11/12/2015,24.9,24.9,24.2,26.33
12/12/2015,26.2,27.0,25.7,26.67
13/12/2015,23.2,23.7,23.5,27.5
14/12/2015,27.3,28.9,28.3,28.0
15/12/2015,27.7,28.7,27.6,28.5
16/12/2015,27.3,28.7,27.4,28.5
17/12/2015,26.3,27.2,24.3,28.5
18/12/2015,25.7,25.3,25.6,26.17
19/12/2015,28.1,29.5,28.3,28.5
20/12/2015,28.6,29.1,28.6,28.67
21/12/2015,27.2,28.5,28.2,27.5
22/12/2015,26.8,27.3,26.9,25.67
23/12/2015,27.6,28.0,28.4,28.0
24/12/2015,25.9,28.4,26.5,28.5
25/12/2015,27.4,27.9,28.1,27.5
26/12/2015,26.8,28.6,28.2,28.0
27/12/2015,26.6,26.3,26.2,28.0
28/12/2015,28.3,29.3,28.4,27.9
29/12/2015,29.9,30.3,29.3,28.4
30/12/2015,26.8,28.3,27.6,27.0
31/12/2015,26.4,26.1,25.1,24.7
01/01/2016,27.9,28.3,27.7,27.6
02/01/2016,28.9,29.7,29.1,28.8
03/01/2016,27.7,29.4,27.7,27.7
04/01/2016,28.3,29.3,28.6,29.0
05/01/2016,27.3,28.6,28.1,29.5
06/01/2016,28.7,30.0,28.8,30.67
07/01/2016,26.6,26.6,28.3,27.33
08/01/2016,27.3,28.6,27.8,27.0
09/01/2016,29.2,30.2,29.0,29.33
10/01/2016,28.2,29.3,28.8,29.5
11/01/2016,29.6,30.4,29.3,29.5
12/01/2016,31.1,31.2,31.2,30.0
13/01/2016,30.0,30.0,28.8,31.0
14/01/2016,28.4,29.2,27.2,31.0
15/01/2016,29.6,30.3,29.9,29.5
16/01/2016,28.4,29.4,28.7,28.17
17/01/2016,29.6,30.6,29.3,29.5
18/01/2016,30.0,32.7,30.1,29.0
19/01/2016,27.6,28.9,28.2,28.17
20/01/2016,27.7,28.8,28.4,28.17
21/01/2016,28.2,28.9,29.8,29.5
22/01/2016,30.1,30.1,28.5,29.5
23/01/2016,29.5,29.5,29.4,29.5
24/01/2016,29.7,30.2,29.8,30.0
25/01/2016,30.1,31.3,30.6,29.5
26/01/2016,32.3,32.9,31.3,31.5
27/01/2016,28.8,30.0,28.9,31.17
28/01/2016,28.0,29.4,27.5,28.33
29/01/2016,28.3,29.1,28.8,29.5
30/01/2016,29.9,28.8,27.8,27.2
31/01/2016,31.8,32.6,30.9,30.2
01/02/2016,29.3,29.6,29.5,31.5
02/02/2016,29.3,28.4,28.6,30.5
03/02/2016,25.2,25.7,25.1,26.5
04/02/2016,30.9,31.1,30.3,30.5
05/02/2016,30.8,30.5,30.2,30.3
06/02/2016,30.4,30.6,28.9,30.5
07/02/2016,30.1,30.4,29.1,31.0
08/02/2016,27.0,26.6,26.2,29.0
09/02/2016,29.1,29.9,28.7,29.0
10/02/2016,28.9,29.7,26.5,29.5
11/02/2016,26.5,27.6,28.4,29.0
12/02/2016,29.7,30.1,30.2,29.8
13/02/2016,31.8,32.7,31.8,29.5
14/02/2016,28.7,30.2,29.6,29.6
15/02/2016,30.9,31.6,30.4,31.5
16/02/2016,31.2,31.4,30.2,31.5
17/02/2016,29.9,31.5,29.9,31.5
18/02/2016,33.3,33.6,31.3,31.0
19/02/2016,31.1,31.5,30.9,32.5
20/02/2016,30.8,31.9,31.1,29.0
21/02/2016,30.8,32.4,31.4,31.5
22/02/2016,30.4,31.5,32.4,30.7
23/02/2016,30.9,31.4,30.7,31.8
24/02/2016,33.4,35.1,32.4,31.5
25/02/2016,30.1,32.3,30.9,30.3
26/02/2016,28.1,28.2,28.1,32.0
27/02/2016,30.9,32.6,31.6,32.0
28/02/2016,31.4,32.6,29.6,32.2
29/02/2016,30.7,30.6,30.2,30.0
01/03/2016,29.6,31.3,27.95,31.0
02/03/2016,30.4,32.5,28.57,30.17
03/03/2016,28.0,27.2,28.37,31.5
04/03/2016,30.6,32.3,28.03,31.5
05/03/2016,29.1,31.6,28.62,31.0
06/03/2016,31.3,33.2,29.13,30.5
07/03/2016,29.8,30.9,29.22,28.85
08/03/2016,31.4,33.6,29.23,31.5
09/03/2016,30.7,32.8,28.4,31.17
10/03/2016,31.2,32.5,29.15,30.67
11/03/2016,27.6,28.8,28.75,31.0
12/03/2016,30.8,33.3,28.78,29.5
13/03/2016,28.9,31.7,28.35,31.3
14/03/2016,28.9,31.1,29.37,33.0
15/03/2016,31.2,32.8,28.03,30.83
16/03/2016,31.6,32.7,28.53,30.9
17/03/2016,29.6,30.3,28.08,29.3
18/03/2016,27.7,30.8,28.93,29.8
19/03/2016,28.8,31.9,28.62,29.7
20/03/2016,28.8,30.9,27.38,29.4
21/03/2016,30.2,32.5,28.85,31.2
22/03/2016,30.1,32.6,28.62,30.0
23/03/2016,29.8,31.1,29.07,30.83
24/03/2016,30.2,31.6,28.72,30.17
25/03/2016,29.3,31.5,28.7,30.0
26/03/2016,30.7,32.4,28.55,31.0
27/03/2016,30.9,34.0,27.97,32.3
28/03/2016,29.1,30.8,27.62,30.6
29/03/2016,31.9,34.4,27.42,33.17
30/03/2016,30.8,33.6,28.52,30.0
31/03/2016,30.0,32.3,28.42,30.5
01/04/2016,30.0,30.6,30.6,30.0
02/04/2016,28.8,30.4,30.0,29.5
03/04/2016,29.4,29.7,31.2,29.2
04/04/2016,30.0,31.1,31.2,31.5
05/04/2016,29.3,30.1,32.1,30.0
06/04/2016,29.3,29.9,31.4,29.0
07/04/2016,29.0,29.8,30.6,28.8
08/04/2016,28.2,28.6,30.0,28.0
09/04/2016,29.2,29.4,31.2,27.0
10/04/2016,28.3,30.3,31.2,29.5
11/04/2016,28.1,30.6,30.4,31.0
12/04/2016,28.8,30.2,29.8,28.0
13/04/2016,27.1,29.0,29.3,30.0
14/04/2016,29.6,30.6,30.7,29.0
15/04/2016,27.2,29.3,28.4,30.0
16/04/2016,28.1,29.3,28.7,29.0
17/04/2016,28.4,30.1,29.7,29.5
18/04/2016,27.6,29.8,27.9,29.5
19/04/2016,27.5,28.6,28.1,29.0
20/04/2016,24.8,25.3,26.0,27.5
21/04/2016,25.5,27.1,26.5,27.6
22/04/2016,24.7,27.3,27.3,27.65
23/04/2016,25.1,27.7,27.3,28.0
24/04/2016,25.6,28.0,26.6,29.0
25/04/2016,24.9,27.7,27.1,26.0
26/04/2016,24.3,26.7,26.2,25.4
27/04/2016,25.3,27.3,26.7,27.5
28/04/2016,24.9,28.6,27.1,28.0
29/04/2016,28.6,29.7,28.7,27.5
30/04/2016,26.9,28.6,27.5,28.8
01/05/2016,28.4,29.2,28.7,28.5
02/05/2016,28.5,31.1,30.1,29.5
03/05/2016,26.8,29.2,27.7,30.5
04/05/2016,25.4,28.4,27.6,28.5
05/05/2016,25.6,29.0,26.9,27.5
06/05/2016,25.2,27.1,26.7,26.5
07/05/2016,25.9,27.2,26.3,27.0
08/05/2016,26.3,27.7,27.3,27.0
09/05/2016,27.1,29.8,28.9,29.0
10/05/2016,26.8,29.3,28.0,27.5
11/05/2016,27.4,28.4,27.2,24.5
12/05/2016,29.4,27.9,27.3,25.9
13/05/2016,24.9,26.3,25.4,26.5
14/05/2016,25.6,25.6,25.6,25.5
15/05/2016,26.3,27.3,26.4,25.0
16/05/2016,26.1,27.3,26.8,26.5
17/05/2016,26.6,26.8,26.3,27.0
18/05/2016,26.8,27.8,26.9,26.0
19/05/2016,27.7,27.8,28.0,26.5
20/05/2016,26.6,26.8,26.8,26.0
21/05/2016,25.6,27.8,25.6,27.0
22/05/2016,24.7,25.6,24.9,24.9
23/05/2016,26.4,26.9,25.9,27.0
24/05/2016,25.7,27.2,27.0,26.0
25/05/2016,25.2,27.1,25.3,25.0
26/05/2016,23.8,24.9,23.2,25.5
27/05/2016,23.7,26.1,24.8,25.5
28/05/2016,24.0,26.4,24.5,27.5
29/05/2016,25.7,27.1,25.7,25.9
30/05/2016,24.6,24.9,24.3,27.5
31/05/2016,25.2,27.6,25.2,26.0
01/06/2016,24.1,25.5,24.6,23.9
02/06/2016,25.1,27.7,27.0,24.3
03/06/2016,26.9,28.7,26.6,25.6
04/06/2016,25.2,26.4,25.3,25.5
05/06/2016,21.4,23.6,22.8,26.7
06/06/2016,24.5,25.6,24.6,26.0
07/06/2016,23.4,25.6,24.4,27.3
08/06/2016,23.3,25.3,25.3,25.9
09/06/2016,23.4,24.9,24.6,27.2
10/06/2016,26.8,28.3,27.1,29.2
11/06/2016,24.7,26.6,25.8,26.5
12/06/2016,25.7,27.1,26.0,23.7
13/06/2016,25.3,27.8,26.1,24.1
14/06/2016,24.2,25.1,24.2,26.1
15/06/2016,23.0,23.8,23.8,24.2
16/06/2016,25.1,26.4,25.4,23.8
17/06/2016,24.6,25.9,25.5,23.8
18/06/2016,24.9,26.1,25.2,26.1
19/06/2016,24.1,25.9,24.8,25.4
20/06/2016,25.3,26.3,25.2,23.9
21/06/2016,24.7,25.9,25.4,26.0
22/06/2016,24.2,25.4,24.9,25.4
23/06/2016,24.4,25.8,25.3,23.1
24/06/2016,25.0,26.0,25.0,25.2
25/06/2016,22.3,22.9,24.1,24.0
26/06/2016,24.3,25.7,24.6,25.9
27/06/2016,24.1,24.8,24.0,27.8
28/06/2016,24.3,24.9,23.9,26.7
29/06/2016,25.0,24.1,23.7,27.0
30/06/2016,24.7,24.9,23.9,26.5
01/07/2016,18.6,24.7,24.1,26.9
02/07/2016,23.5,25.6,23.8,23.7
03/07/2016,23.8,25.6,24.9,25.4
04/07/2016,21.9,23.5,21.5,23.5
05/07/2016,22.4,23.3,22.8,24.9
06/07/2016,22.3,23.8,22.8,24.4
07/07/2016,23.9,25.8,25.1,22.8
08/07/2016,22.3,24.3,23.7,23.7
09/07/2016,22.9,24.1,23.9,25.1
10/07/2016,24.1,26.2,25.1,24.8
11/07/2016,23.7,24.7,23.9,19.2
12/07/2016,23.7,25.3,24.7,23.8
13/07/2016,24.9,27.3,25.7,25.1
14/07/2016,24.3,25.9,25.3,23.9
15/07/2016,23.4,25.1,24.6,23.5
16/07/2016,22.7,25.3,23.9,21.5
17/07/2016,24.8,25.2,23.8,23.7
18/07/2016,21.3,23.1,22.8,25.7
19/07/2016,23.9,26.4,25.3,23.7
20/07/2016,24.1,25.6,24.6,25.7
21/07/2016,23.9,26.9,24.9,24.8
22/07/2016,24.9,26.7,26.2,24.2
23/07/2016,24.7,27.7,25.6,23.7
24/07/2016,24.8,27.0,25.5,23.1
25/07/2016,23.1,25.1,24.1,22.2
26/07/2016,21.6,21.9,21.6,22.5
27/07/2016,22.3,24.3,23.5,22.9
28/07/2016,23.6,25.3,24.1,23.6
29/07/2016,24.2,26.2,24.7,23.2
30/07/2016,24.3,26.4,25.3,23.8
31/07/2016,24.3,26.6,25.1,24.9
01/08/2016,22.9,23.1,24.0,22.6
02/08/2016,22.8,23.9,23.1,22.5
03/08/2016,23.2,24.7,23.9,23.3
04/08/2016,23.0,24.1,24.3,23.1
05/08/2016,23.5,23.6,24.1,23.2
06/08/2016,22.4,22.2,23.4,22.2
07/08/2016,21.2,23.1,22.7,22.1
08/08/2016,22.0,24.9,23.3,22.4
09/08/2016,23.1,24.8,24.4,23.7
10/08/2016,23.8,23.7,24.9,24.0
11/08/2016,23.1,22.5,24.1,24.0
12/08/2016,23.6,25.1,25.4,25.0
13/08/2016,23.4,24.4,23.9,23.5
14/08/2016,22.9,22.5,23.5,22.6
15/08/2016,23.1,23.9,24.1,22.5
16/08/2016,24.3,24.9,24.8,24.0
17/08/2016,24.8,25.1,24.6,23.9
18/08/2016,23.2,23.4,23.3,22.8
19/08/2016,22.7,22.8,23.1,23.0
20/08/2016,23.1,24.2,24.2,23.5
21/08/2016,23.8,24.4,24.8,24.3
22/08/2016,25.5,26.4,26.3,25.3
23/08/2016,24.8,25.5,25.7,25.5
24/08/2016,24.1,24.7,24.7,23.6
25/08/2016,23.8,25.3,24.3,23.7
26/08/2016,23.9,25.6,25.6,24.2
27/08/2016,23.5,24.5,24.1,23.5
28/08/2016,24.1,24.5,24.9,23.9
29/08/2016,24.5,25.1,25.2,24.0
30/08/2016,24.0,24.9,24.9,23.6
31/08/2016,23.7,25.3,25.2,24.4
01/09/2016,24.8,25.1,25.1,23.3
02/09/2016,24.1,24.6,25.4,23.9
03/09/2016,22.9,23.3,23.9,23.1
04/09/2016,23.5,24.4,24.2,24.4
05/09/2016,23.6,24.3,24.6,23.8
06/09/2016,24.2,24.9,25.0,24.1
07/09/2016,22.8,24.7,24.8,24.1
08/09/2016,23.4,24.6,24.5,23.7
09/09/2016,22.9,24.8,24.1,23.7
10/09/2016,23.9,25.6,25.1,23.8
11/09/2016,22.3,23.5,23.9,23.3
12/09/2016,21.3,22.3,23.1,22.3
13/09/2016,23.7,24.8,24.2,23.0
14/09/2016,23.9,24.7,24.1,22.9
15/09/2016,23.8,23.6,24.4,23.4
16/09/2016,22.4,24.1,24.3,23.7
17/09/2016,22.8,25.0,25.2,25.1
18/09/2016,24.6,26.2,25.8,24.8
19/09/2016,23.9,25.2,25.5,24.5
20/09/2016,24.4,25.7,24.1,22.0
21/09/2016,22.8,25.1,25.7,25.2
22/09/2016,23.2,24.9,24.9,24.6
23/09/2016,23.7,25.0,24.1,23.4
24/09/2016,23.1,24.0,24.1,23.4
25/09/2016,23.7,24.6,24.5,23.6
26/09/2016,23.1,25.0,25.0,24.0
27/09/2016,23.2,24.6,23.5,23.7
28/09/2016,24.7,26.1,25.3,24.1
29/09/2016,23.1,24.2,23.8,22.8
30/09/2016,24.6,25.0,24.9,23.7
01/10/2016,24.5,25.7,24.6,23.9
02/10/2016,24.8,25.1,24.8,23.4
03/10/2016,24.9,25.2,24.1,22.8
04/10/2016,24.8,26.1,24.5,23.5
05/10/2016,23.3,24.1,22.7,23.5
06/10/2016,23.7,24.8,24.2,23.7
07/10/2016,23.6,25.6,24.7,24.4
08/10/2016,24.4,26.7,25.6,25.5
09/10/2016,25.2,26.4,25.6,25.3
10/10/2016,25.9,27.0,26.7,25.6
11/10/2016,26.4,25.8,25.4,24.4
12/10/2016,24.1,25.2,24.7,23.5
13/10/2016,24.1,25.3,25.1,24.5
14/10/2016,24.8,25.2,24.7,24.2
15/10/2016,25.0,25.3,25.2,24.4
16/10/2016,25.0,25.3,25.1,23.9
17/10/2016,25.6,25.7,25.8,25.0
18/10/2016,25.3,26.0,25.8,24.8
19/10/2016,25.9,25.8,25.6,25.0
20/10/2016,25.3,25.2,25.4,24.5
21/10/2016,24.4,25.9,25.5,25.3
22/10/2016,24.8,25.6,25.2,25.1
23/10/2016,23.6,24.6,24.8,24.9
24/10/2016,24.9,25.3,25.2,24.4
25/10/2016,25.1,26.0,25.6,25.1
26/10/2016,25.1,25.3,25.4,24.7
27/10/2016,23.7,25.5,25.2,25.1
28/10/2016,24.5,25.0,25.1,24.2
29/10/2016,24.5,25.6,25.4,23.9
30/10/2016,24.3,25.7,24.9,24.7
31/10/2016,23.8,25.3,25.1,24.6
01/11/2016,24.9,25.7,24.9,24.6
02/11/2016,25.1,26.2,27.2,24.9
03/11/2016,25.0,25.4,25.7,24.2
04/11/2016,25.8,26.6,25.8,24.2
05/11/2016,23.6,24.0,25.4,24.3
06/11/2016,24.0,25.0,25.1,25.0
07/11/2016,25.1,26.0,24.6,25.3
08/11/2016,25.9,26.4,23.9,25.7
09/11/2016,26.1,26.5,25.6,25.2
10/11/2016,25.5,26.0,27.3,26.0
11/11/2016,24.3,26.1,25.4,25.3
12/11/2016,25.8,26.2,26.4,25.3
13/11/2016,26.2,25.8,25.7,25.0
14/11/2016,25.3,26.2,25.8,25.0
15/11/2016,24.7,26.2,25.4,25.0
16/11/2016,24.6,26.0,25.1,24.7
17/11/2016,22.5,23.8,24.6,23.9
18/11/2016,22.7,23.4,23.9,22.5
19/11/2016,24.2,25.8,25.6,25.3
20/11/2016,23.6,24.9,24.2,23.9
21/11/2016,26.5,26.3,25.1,24.9
22/11/2016,24.8,25.4,24.3,24.5
23/11/2016,26.1,26.0,25.3,25.1
24/11/2016,25.2,25.8,25.6,25.4
25/11/2016,27.2,26.4,25.8,25.1
26/11/2016,26.3,26.2,25.4,25.2
27/11/2016,26.2,26.6,25.6,25.2
28/11/2016,25.7,26.7,25.7,25.5
29/11/2016,26.1,26.6,25.8,25.8
30/11/2016,26.7,27.3,27.4,27.2
01/12/2016,25.8,28.2,25.7,25.9
02/12/2016,25.9,27.6,26.1,26.1
03/12/2016,27.7,29.1,26.5,26.1
04/12/2016,26.8,28.4,27.2,26.3
05/12/2016,25.9,27.6,25.9,25.6
06/12/2016,27.5,29.2,27.1,26.8
07/12/2016,26.2,27.8,25.8,26.0
08/12/2016,26.8,27.6,25.8,25.5
09/12/2016,26.5,28.4,26.5,26.0
10/12/2016,28.1,29.3,26.8,27.5
11/12/2016,29.1,29.6,27.3,26.1
12/12/2016,27.7,28.4,26.3,25.8
13/12/2016,25.4,27.9,25.8,26.2
14/12/2016,26.9,29.3,26.9,27.0
15/12/2016,25.1,25.0,24.9,25.3
16/12/2016,26.3,28.9,26.1,25.3
17/12/2016,27.6,28.7,26.2,25.7
18/12/2016,27.8,29.2,27.0,27.0
19/12/2016,25.6,28.4,26.9,26.9
20/12/2016,27.7,29.6,27.8,27.1
21/12/2016,27.4,28.4,27.1,26.9
22/12/2016,26.7,29.8,27.6,28.2
23/12/2016,28.6,30.4,27.6,26.6
24/12/2016,28.1,31.4,27.8,28.5
25/12/2016,28.8,30.1,28.0,27.3
26/12/2016,31.7,29.7,28.4,27.4
27/12/2016,30.2,31.3,29.0,28.6
28/12/2016,28.4,30.7,27.7,27.4
29/12/2016,29.3,30.8,28.1,27.5
30/12/2016,30.1,31.3,29.2,28.7
31/12/2016,29.8,30.2,27.5,26.9
